-5.000000,0
-4.998333,0
-4.996666,1
-4.995000,1
-4.993333,2
-4.991667,2
-4.990000,2
-4.988333,3
-4.986667,3
-4.985000,4
-4.983333,4
-4.981667,5
-4.980000,5
-4.978333,6
-4.976666,7
-4.975000,7
-4.973333,8
-4.971667,8
-4.970000,9
-4.968333,10
-4.966667,10
-4.965000,11
-4.963333,12
-4.961667,12
-4.960000,12
-4.958333,14
-4.956666,14
-4.955000,15
-4.953333,15
-4.951667,16
-4.950000,17
-4.948333,18
-4.946667,18
-4.945000,19
-4.943333,20
-4.941667,20
-4.940000,21
-4.938334,22
-4.936666,23
-4.935000,24
-4.933333,24
-4.931667,25
-4.930000,26
-4.928333,27
-4.926667,28
-4.925000,29
-4.923333,29
-4.921667,30
-4.920000,31
-4.918334,32
-4.916667,33
-4.915000,34
-4.913333,35
-4.911667,35
-4.910000,36
-4.908333,37
-4.906667,38
-4.905000,39
-4.903333,40
-4.901667,41
-4.900000,41
-4.898334,42
-4.896667,43
-4.895000,44
-4.893333,45
-4.891667,46
-4.890000,47
-4.888333,48
-4.886667,49
-4.885000,50
-4.883333,50
-4.881667,52
-4.880000,53
-4.878333,53
-4.876667,55
-4.875000,56
-4.873333,56
-4.871667,58
-4.870000,59
-4.868333,59
-4.866667,60
-4.865000,61
-4.863333,62
-4.861667,63
-4.860000,64
-4.858333,65
-4.856667,66
-4.855000,67
-4.853333,68
-4.851666,69
-4.850000,70
-4.848333,71
-4.846667,72
-4.845000,73
-4.843333,74
-4.841667,75
-4.840000,76
-4.838333,77
-4.836667,78
-4.835000,79
-4.833333,80
-4.831666,81
-4.830000,82
-4.828333,83
-4.826667,84
-4.825000,85
-4.823333,86
-4.821667,87
-4.820000,88
-4.818333,89
-4.816667,90
-4.815000,91
-4.813334,92
-4.811666,93
-4.810000,94
-4.808333,95
-4.806667,96
-4.805000,96
-4.803333,98
-4.801667,98
-4.800000,99
-4.798333,100
-4.796667,101
-4.795000,102
-4.793334,103
-4.791667,104
-4.790000,105
-4.788333,106
-4.786667,107
-4.785000,107
-4.783333,108
-4.781667,109
-4.780000,110
-4.778333,111
-4.776667,112
-4.775000,112
-4.773334,113
-4.771667,114
-4.770000,115
-4.768333,116
-4.766667,117
-4.765000,118
-4.763333,118
-4.761667,119
-4.760000,120
-4.758333,121
-4.756667,122
-4.755000,122
-4.753333,123
-4.751667,124
-4.750000,125
-4.748333,125
-4.746667,126
-4.745000,127
-4.743333,127
-4.741667,128
-4.740000,129
-4.738333,129
-4.736667,130
-4.735000,131
-4.733333,131
-4.731667,132
-4.730000,133
-4.728333,134
-4.726666,134
-4.725000,134
-4.723333,135
-4.721667,136
-4.720000,137
-4.718333,137
-4.716667,137
-4.715000,138
-4.713333,139
-4.711667,139
-4.710000,140
-4.708333,140
-4.706666,141
-4.705000,141
-4.703333,142
-4.701667,142
-4.700000,143
-4.698333,143
-4.696667,143
-4.695000,144
-4.693333,144
-4.691667,145
-4.690000,145
-4.688334,146
-4.686666,146
-4.685000,146
-4.683333,147
-4.681667,147
-4.680000,148
-4.678333,148
-4.676667,148
-4.675000,149
-4.673333,149
-4.671667,149
-4.670000,149
-4.668334,150
-4.666667,150
-4.665000,150
-4.663333,150
-4.661667,151
-4.660000,151
-4.658333,151
-4.656667,151
-4.655000,152
-4.653333,152
-4.651667,152
-4.650000,152
-4.648334,152
-4.646667,152
-4.645000,152
-4.643333,152
-4.641666,152
-4.640000,153
-4.638333,153
-4.636667,153
-4.635000,153
-4.633333,153
-4.631667,153
-4.630000,153
-4.628333,153
-4.626667,153
-4.625000,153
-4.623333,153
-4.621667,153
-4.620000,153
-4.618333,153
-4.616667,153
-4.615000,153
-4.613333,153
-4.611667,153
-4.610000,153
-4.608333,153
-4.606667,153
-4.605000,153
-4.603333,152
-4.601666,152
-4.600000,152
-4.598333,152
-4.596667,152
-4.595000,152
-4.593333,152
-4.591667,152
-4.590000,152
-4.588333,151
-4.586667,151
-4.585000,151
-4.583333,151
-4.581666,150
-4.580000,150
-4.578333,150
-4.576667,150
-4.575000,149
-4.573333,149
-4.571667,149
-4.570000,149
-4.568333,149
-4.566667,149
-4.565000,148
-4.563334,148
-4.561666,148
-4.560000,147
-4.558333,147
-4.556667,147
-4.555000,146
-4.553333,146
-4.551667,146
-4.550000,146
-4.548333,145
-4.546667,145
-4.545000,145
-4.543334,144
-4.541667,144
-4.540000,143
-4.538333,143
-4.536667,143
-4.535000,143
-4.533333,142
-4.531667,142
-4.530000,141
-4.528333,141
-4.526667,140
-4.525000,140
-4.523334,140
-4.521667,140
-4.520000,139
-4.518333,139
-4.516666,138
-4.515000,138
-4.513333,137
-4.511667,137
-4.510000,137
-4.508333,137
-4.506667,136
-4.505000,136
-4.503333,135
-4.501667,135
-4.500000,134
-4.498333,134
-4.496667,134
-4.495000,134
-4.493333,133
-4.491667,133
-4.490000,132
-4.488333,132
-4.486667,131
-4.485000,131
-4.483334,131
-4.481667,130
-4.480000,130
-4.478333,129
-4.476666,129
-4.475000,129
-4.473333,128
-4.471667,128
-4.470000,128
-4.468333,127
-4.466667,127
-4.465000,126
-4.463333,126
-4.461667,125
-4.460000,125
-4.458333,125
-4.456666,124
-4.455000,124
-4.453333,124
-4.451667,123
-4.450000,123
-4.448333,122
-4.446667,122
-4.445000,122
-4.443333,121
-4.441667,121
-4.440000,121
-4.438334,120
-4.436666,120
-4.435000,119
-4.433333,119
-4.431667,118
-4.430000,118
-4.428333,118
-4.426667,117
-4.425000,117
-4.423333,117
-4.421667,116
-4.420000,116
-4.418333,115
-4.416667,115
-4.415000,115
-4.413333,114
-4.411667,114
-4.410000,113
-4.408333,113
-4.406667,113
-4.405000,112
-4.403333,112
-4.401667,112
-4.400000,112
-4.398334,111
-4.396667,111
-4.395000,111
-4.393333,110
-4.391666,110
-4.390000,110
-4.388333,109
-4.386667,109
-4.385000,108
-4.383333,108
-4.381667,108
-4.380000,107
-4.378333,107
-4.376667,107
-4.375000,107
-4.373333,106
-4.371667,106
-4.370000,105
-4.368333,105
-4.366667,105
-4.365000,105
-4.363333,104
-4.361667,104
-4.360000,104
-4.358333,103
-4.356667,103
-4.355000,103
-4.353333,103
-4.351666,102
-4.350000,102
-4.348333,102
-4.346667,101
-4.345000,101
-4.343333,101
-4.341667,101
-4.340000,100
-4.338333,100
-4.336667,100
-4.335000,100
-4.333333,100
-4.331666,99
-4.330000,99
-4.328333,99
-4.326667,99
-4.325000,98
-4.323333,98
-4.321667,98
-4.320000,98
-4.318333,98
-4.316667,98
-4.315000,97
-4.313334,97
-4.311666,97
-4.310000,97
-4.308333,96
-4.306667,96
-4.305000,96
-4.303333,96
-4.301667,96
-4.300000,96
-4.298333,96
-4.296667,95
-4.295000,95
-4.293333,95
-4.291667,95
-4.290000,95
-4.288333,95
-4.286667,95
-4.285000,95
-4.283333,94
-4.281667,94
-4.280000,94
-4.278333,94
-4.276667,94
-4.275000,94
-4.273334,94
-4.271667,94
-4.270000,94
-4.268333,93
-4.266666,93
-4.265000,93
-4.263333,93
-4.261667,93
-4.260000,93
-4.258333,93
-4.256667,93
-4.255000,93
-4.253333,93
-4.251667,93
-4.250000,93
-4.248333,93
-4.246667,93
-4.245000,93
-4.243333,93
-4.241667,93
-4.240000,93
-4.238333,93
-4.236667,93
-4.235000,93
-4.233333,93
-4.231667,93
-4.230000,93
-4.228333,93
-4.226666,93
-4.225000,93
-4.223333,93
-4.221667,93
-4.220000,93
-4.218333,93
-4.216667,93
-4.215000,93
-4.213333,93
-4.211667,93
-4.210000,93
-4.208333,93
-4.206666,93
-4.205000,93
-4.203333,93
-4.201667,93
-4.200000,93
-4.198333,93
-4.196667,93
-4.195000,93
-4.193333,93
-4.191667,93
-4.190000,93
-4.188334,93
-4.186666,93
-4.185000,93
-4.183333,93
-4.181667,93
-4.180000,94
-4.178333,94
-4.176667,94
-4.175000,94
-4.173333,94
-4.171667,94
-4.170000,94
-4.168333,94
-4.166667,94
-4.165000,94
-4.163333,94
-4.161667,94
-4.160000,94
-4.158333,94
-4.156667,94
-4.155000,94
-4.153333,94
-4.151667,95
-4.150000,95
-4.148334,95
-4.146667,95
-4.145000,95
-4.143333,95
-4.141666,95
-4.140000,95
-4.138333,95
-4.136667,95
-4.135000,95
-4.133333,95
-4.131667,95
-4.130000,95
-4.128333,95
-4.126667,95
-4.125000,95
-4.123333,95
-4.121667,95
-4.120000,95
-4.118333,95
-4.116667,95
-4.115000,95
-4.113333,95
-4.111667,95
-4.110000,95
-4.108333,95
-4.106667,95
-4.105000,95
-4.103333,95
-4.101666,95
-4.100000,95
-4.098333,95
-4.096667,95
-4.095000,95
-4.093333,95
-4.091667,95
-4.090000,95
-4.088333,95
-4.086667,95
-4.085000,95
-4.083333,95
-4.081666,95
-4.080000,95
-4.078333,95
-4.076667,95
-4.075000,95
-4.073333,95
-4.071667,95
-4.070000,95
-4.068333,95
-4.066667,95
-4.065000,95
-4.063334,95
-4.061666,95
-4.060000,95
-4.058333,95
-4.056667,95
-4.055000,95
-4.053333,95
-4.051667,95
-4.050000,95
-4.048333,95
-4.046667,95
-4.045000,95
-4.043333,95
-4.041667,94
-4.040000,94
-4.038333,94
-4.036667,94
-4.035000,94
-4.033333,94
-4.031667,94
-4.030000,94
-4.028333,94
-4.026667,94
-4.025000,94
-4.023334,94
-4.021667,94
-4.020000,94
-4.018333,93
-4.016666,93
-4.015000,93
-4.013333,93
-4.011667,93
-4.010000,93
-4.008333,93
-4.006667,93
-4.005000,93
-4.003333,93
-4.001667,93
-4.000000,93
-3.998333,93
-3.996667,92
-3.995000,92
-3.993333,92
-3.991667,92
-3.990000,92
-3.988333,92
-3.986667,92
-3.985000,92
-3.983333,92
-3.981667,92
-3.980000,92
-3.978333,92
-3.976667,92
-3.975000,91
-3.973333,91
-3.971667,91
-3.970000,91
-3.968333,91
-3.966667,91
-3.965000,91
-3.963333,91
-3.961667,91
-3.960000,91
-3.958333,91
-3.956666,91
-3.955000,91
-3.953333,90
-3.951667,90
-3.950000,90
-3.948333,90
-3.946667,90
-3.945000,90
-3.943333,90
-3.941667,90
-3.940000,90
-3.938333,89
-3.936666,89
-3.935000,89
-3.933333,89
-3.931667,89
-3.930000,89
-3.928333,89
-3.926667,89
-3.925000,89
-3.923333,89
-3.921667,89
-3.920000,89
-3.918333,88
-3.916667,88
-3.915000,88
-3.913333,88
-3.911667,88
-3.910000,88
-3.908333,88
-3.906667,88
-3.905000,88
-3.903333,88
-3.901667,88
-3.900000,88
-3.898333,88
-3.896667,87
-3.895000,87
-3.893333,87
-3.891667,87
-3.890000,87
-3.888333,87
-3.886667,87
-3.885000,87
-3.883333,87
-3.881667,86
-3.880000,86
-3.878333,86
-3.876667,86
-3.875000,86
-3.873333,86
-3.871667,86
-3.870000,86
-3.868333,86
-3.866667,86
-3.865000,86
-3.863333,86
-3.861667,86
-3.860000,85
-3.858333,85
-3.856667,85
-3.855000,85
-3.853333,85
-3.851667,85
-3.850000,85
-3.848333,85
-3.846667,85
-3.845000,85
-3.843333,85
-3.841667,85
-3.840000,85
-3.838333,84
-3.836667,84
-3.835000,84
-3.833333,84
-3.831666,84
-3.830000,84
-3.828333,84
-3.826667,84
-3.825000,84
-3.823333,83
-3.821667,83
-3.820000,83
-3.818333,83
-3.816667,83
-3.815000,83
-3.813333,83
-3.811666,83
-3.810000,83
-3.808333,83
-3.806667,83
-3.805000,83
-3.803333,83
-3.801667,83
-3.800000,83
-3.798333,82
-3.796667,82
-3.795000,82
-3.793333,82
-3.791667,82
-3.790000,82
-3.788333,82
-3.786667,82
-3.785000,82
-3.783333,81
-3.781667,81
-3.780000,81
-3.778333,81
-3.776667,81
-3.775000,81
-3.773333,81
-3.771667,81
-3.770000,80
-3.768333,80
-3.766667,80
-3.765000,80
-3.763333,80
-3.761667,80
-3.760000,80
-3.758333,80
-3.756667,80
-3.755000,80
-3.753333,80
-3.751667,80
-3.750000,80
-3.748333,80
-3.746667,80
-3.745000,79
-3.743333,79
-3.741667,79
-3.740000,79
-3.738333,79
-3.736667,79
-3.735000,79
-3.733333,79
-3.731667,78
-3.730000,78
-3.728333,78
-3.726667,78
-3.725000,78
-3.723333,78
-3.721667,78
-3.720000,77
-3.718333,77
-3.716667,77
-3.715000,77
-3.713333,77
-3.711667,77
-3.710000,77
-3.708333,77
-3.706666,77
-3.705000,77
-3.703333,77
-3.701667,77
-3.700000,77
-3.698333,76
-3.696667,76
-3.695000,76
-3.693333,76
-3.691667,76
-3.690000,76
-3.688333,76
-3.686666,75
-3.685000,75
-3.683333,75
-3.681667,75
-3.680000,75
-3.678333,74
-3.676667,74
-3.675000,74
-3.673333,74
-3.671667,74
-3.670000,74
-3.668333,74
-3.666667,74
-3.665000,74
-3.663333,74
-3.661667,74
-3.660000,74
-3.658333,74
-3.656667,74
-3.655000,74
-3.653333,74
-3.651667,74
-3.650000,73
-3.648333,73
-3.646667,73
-3.645000,73
-3.643333,73
-3.641667,73
-3.640000,73
-3.638333,73
-3.636667,73
-3.635000,72
-3.633333,72
-3.631667,72
-3.630000,72
-3.628333,72
-3.626667,72
-3.625000,72
-3.623333,72
-3.621667,72
-3.620000,72
-3.618333,72
-3.616667,72
-3.615000,72
-3.613333,71
-3.611667,71
-3.610000,71
-3.608333,71
-3.606667,71
-3.605000,71
-3.603333,71
-3.601667,71
-3.600000,71
-3.598333,71
-3.596667,71
-3.595000,71
-3.593333,70
-3.591667,70
-3.590000,70
-3.588333,70
-3.586667,70
-3.585000,70
-3.583333,70
-3.581666,70
-3.580000,69
-3.578333,69
-3.576667,69
-3.575000,69
-3.573333,69
-3.571667,69
-3.570000,69
-3.568333,69
-3.566667,69
-3.565000,69
-3.563333,69
-3.561666,69
-3.560000,69
-3.558333,69
-3.556667,69
-3.555000,68
-3.553333,68
-3.551667,68
-3.550000,68
-3.548333,68
-3.546667,68
-3.545000,68
-3.543333,68
-3.541667,68
-3.540000,68
-3.538333,68
-3.536667,68
-3.535000,68
-3.533333,68
-3.531667,68
-3.530000,67
-3.528333,67
-3.526667,67
-3.525000,67
-3.523333,67
-3.521667,67
-3.520000,67
-3.518333,67
-3.516667,67
-3.515000,67
-3.513333,67
-3.511667,67
-3.510000,66
-3.508333,66
-3.506667,66
-3.505000,66
-3.503333,66
-3.501667,66
-3.500000,66
-3.498333,66
-3.496667,66
-3.495000,66
-3.493333,66
-3.491667,66
-3.490000,66
-3.488333,66
-3.486667,66
-3.485000,65
-3.483333,65
-3.481667,65
-3.480000,65
-3.478333,65
-3.476667,65
-3.475000,65
-3.473333,65
-3.471667,65
-3.470000,65
-3.468333,65
-3.466667,65
-3.465000,65
-3.463333,65
-3.461667,64
-3.460000,64
-3.458333,64
-3.456666,64
-3.455000,64
-3.453333,64
-3.451667,64
-3.450000,64
-3.448333,64
-3.446667,64
-3.445000,64
-3.443333,64
-3.441667,64
-3.440000,64
-3.438333,64
-3.436666,63
-3.435000,63
-3.433333,63
-3.431667,63
-3.430000,63
-3.428333,63
-3.426667,63
-3.425000,63
-3.423333,63
-3.421667,63
-3.420000,63
-3.418333,63
-3.416667,62
-3.415000,62
-3.413333,62
-3.411667,62
-3.410000,62
-3.408333,62
-3.406667,62
-3.405000,62
-3.403333,62
-3.401667,62
-3.400000,62
-3.398333,62
-3.396667,62
-3.395000,62
-3.393333,62
-3.391667,62
-3.390000,61
-3.388333,61
-3.386667,61
-3.385000,61
-3.383333,61
-3.381667,61
-3.380000,61
-3.378333,61
-3.376667,61
-3.375000,61
-3.373333,61
-3.371667,61
-3.370000,61
-3.368333,61
-3.366667,61
-3.365000,61
-3.363333,60
-3.361667,60
-3.360000,60
-3.358333,60
-3.356667,60
-3.355000,60
-3.353333,60
-3.351666,60
-3.350000,60
-3.348333,60
-3.346667,60
-3.345000,60
-3.343333,60
-3.341667,60
-3.340000,60
-3.338333,60
-3.336667,60
-3.335000,59
-3.333333,59
-3.331666,59
-3.330000,59
-3.328333,59
-3.326667,59
-3.325000,59
-3.323333,59
-3.321667,59
-3.320000,59
-3.318333,59
-3.316667,59
-3.315000,59
-3.313333,59
-3.311666,59
-3.310000,59
-3.308333,59
-3.306667,59
-3.305000,59
-3.303333,58
-3.301667,58
-3.300000,58
-3.298333,58
-3.296667,58
-3.295000,58
-3.293333,58
-3.291667,58
-3.290000,58
-3.288333,58
-3.286667,58
-3.285000,58
-3.283333,58
-3.281667,58
-3.280000,58
-3.278333,58
-3.276667,58
-3.275000,58
-3.273333,58
-3.271667,58
-3.270000,58
-3.268333,58
-3.266667,57
-3.265000,57
-3.263333,57
-3.261667,57
-3.260000,57
-3.258333,57
-3.256667,57
-3.255000,57
-3.253333,57
-3.251667,57
-3.250000,57
-3.248333,57
-3.246667,57
-3.245000,57
-3.243333,57
-3.241667,57
-3.240000,57
-3.238333,57
-3.236667,57
-3.235000,57
-3.233333,57
-3.231667,57
-3.230000,57
-3.228333,57
-3.226666,57
-3.225000,57
-3.223333,57
-3.221667,57
-3.220000,57
-3.218333,57
-3.216667,57
-3.215000,57
-3.213333,57
-3.211667,57
-3.210000,57
-3.208333,57
-3.206666,57
-3.205000,56
-3.203333,56
-3.201667,56
-3.200000,56
-3.198333,56
-3.196667,56
-3.195000,56
-3.193333,56
-3.191667,56
-3.190000,56
-3.188333,56
-3.186666,56
-3.185000,57
-3.183333,57
-3.181667,57
-3.180000,57
-3.178333,57
-3.176667,57
-3.175000,57
-3.173333,57
-3.171667,57
-3.170000,57
-3.168333,57
-3.166667,57
-3.165000,57
-3.163333,57
-3.161667,57
-3.160000,57
-3.158333,57
-3.156667,57
-3.155000,57
-3.153333,57
-3.151667,57
-3.150000,57
-3.148333,57
-3.146667,57
-3.145000,57
-3.143333,57
-3.141667,57
-3.140000,57
-3.138333,57
-3.136667,57
-3.135000,57
-3.133333,57
-3.131667,57
-3.130000,57
-3.128333,57
-3.126667,57
-3.125000,57
-3.123333,57
-3.121667,57
-3.120000,57
-3.118333,57
-3.116667,57
-3.115000,57
-3.113333,57
-3.111667,57
-3.110000,57
-3.108333,57
-3.106667,57
-3.105000,57
-3.103333,57
-3.101666,58
-3.100000,58
-3.098333,58
-3.096667,58
-3.095000,58
-3.093333,58
-3.091667,58
-3.090000,58
-3.088333,58
-3.086667,58
-3.085000,58
-3.083333,58
-3.081666,58
-3.080000,58
-3.078333,58
-3.076667,58
-3.075000,58
-3.073333,58
-3.071667,58
-3.070000,58
-3.068333,58
-3.066667,58
-3.065000,58
-3.063333,58
-3.061666,58
-3.060000,58
-3.058333,58
-3.056667,58
-3.055000,58
-3.053333,58
-3.051667,58
-3.050000,58
-3.048333,58
-3.046667,58
-3.045000,58
-3.043333,58
-3.041667,58
-3.040000,58
-3.038333,58
-3.036667,58
-3.035000,58
-3.033333,58
-3.031667,58
-3.030000,58
-3.028333,58
-3.026667,58
-3.025000,57
-3.023333,57
-3.021667,57
-3.020000,57
-3.018333,57
-3.016667,57
-3.015000,57
-3.013333,57
-3.011667,57
-3.010000,57
-3.008333,57
-3.006667,57
-3.005000,57
-3.003333,57
-3.001667,57
-3.000000,57
-2.998333,57
-2.996667,57
-2.995000,57
-2.993333,57
-2.991667,57
-2.990000,57
-2.988333,57
-2.986667,57
-2.985000,57
-2.983333,57
-2.981667,57
-2.980000,57
-2.978333,56
-2.976667,56
-2.975000,56
-2.973333,56
-2.971667,56
-2.970000,56
-2.968333,56
-2.966667,56
-2.965000,56
-2.963333,56
-2.961667,56
-2.960000,56
-2.958333,56
-2.956667,56
-2.955000,56
-2.953333,56
-2.951667,56
-2.950000,56
-2.948333,56
-2.946667,56
-2.945000,56
-2.943333,56
-2.941667,56
-2.940000,56
-2.938333,56
-2.936667,56
-2.935000,56
-2.933333,56
-2.931667,56
-2.930000,56
-2.928333,56
-2.926666,56
-2.925000,56
-2.923333,56
-2.921667,56
-2.920000,56
-2.918333,56
-2.916667,56
-2.915000,56
-2.913333,56
-2.911667,56
-2.910000,56
-2.908333,55
-2.906667,55
-2.905000,55
-2.903333,55
-2.901667,55
-2.900000,55
-2.898333,55
-2.896667,55
-2.895000,55
-2.893333,55
-2.891667,55
-2.890000,55
-2.888333,55
-2.886667,55
-2.885000,55
-2.883333,54
-2.881667,54
-2.880000,54
-2.878333,54
-2.876667,54
-2.875000,54
-2.873333,54
-2.871667,54
-2.870000,53
-2.868333,53
-2.866667,53
-2.865000,53
-2.863333,53
-2.861667,53
-2.860000,53
-2.858333,53
-2.856667,53
-2.855000,53
-2.853333,53
-2.851667,53
-2.850000,53
-2.848333,53
-2.846667,53
-2.845000,53
-2.843333,53
-2.841667,53
-2.840000,53
-2.838333,53
-2.836667,53
-2.835000,53
-2.833333,53
-2.831667,53
-2.830000,53
-2.828333,52
-2.826667,52
-2.825000,52
-2.823333,52
-2.821667,52
-2.820000,52
-2.818333,52
-2.816667,52
-2.815000,52
-2.813333,52
-2.811667,51
-2.810000,51
-2.808333,51
-2.806667,51
-2.805000,51
-2.803333,51
-2.801666,51
-2.800000,50
-2.798333,50
-2.796667,50
-2.795000,50
-2.793333,50
-2.791667,50
-2.790000,50
-2.788333,50
-2.786667,50
-2.785000,50
-2.783333,50
-2.781667,50
-2.780000,50
-2.778333,50
-2.776667,50
-2.775000,50
-2.773333,50
-2.771667,50
-2.770000,49
-2.768333,49
-2.766667,49
-2.765000,49
-2.763333,49
-2.761667,48
-2.760000,48
-2.758333,48
-2.756667,48
-2.755000,48
-2.753333,48
-2.751667,48
-2.750000,48
-2.748333,48
-2.746667,48
-2.745000,47
-2.743333,47
-2.741667,47
-2.740000,47
-2.738333,47
-2.736667,47
-2.735000,47
-2.733333,47
-2.731667,47
-2.730000,47
-2.728333,47
-2.726667,47
-2.725000,47
-2.723333,46
-2.721667,46
-2.720000,46
-2.718333,46
-2.716667,46
-2.715000,45
-2.713333,45
-2.711667,45
-2.710000,45
-2.708333,45
-2.706667,45
-2.705000,45
-2.703333,45
-2.701667,45
-2.700000,45
-2.698333,44
-2.696667,44
-2.695000,44
-2.693333,44
-2.691667,44
-2.690000,44
-2.688333,44
-2.686667,44
-2.685000,44
-2.683333,44
-2.681667,43
-2.680000,43
-2.678333,43
-2.676666,43
-2.675000,43
-2.673333,43
-2.671667,43
-2.670000,43
-2.668333,43
-2.666667,43
-2.665000,42
-2.663333,42
-2.661667,42
-2.660000,42
-2.658333,42
-2.656667,42
-2.655000,42
-2.653333,42
-2.651667,42
-2.650000,41
-2.648333,41
-2.646667,41
-2.645000,41
-2.643333,41
-2.641667,41
-2.640000,41
-2.638333,41
-2.636667,41
-2.635000,41
-2.633333,41
-2.631667,40
-2.630000,40
-2.628333,40
-2.626667,40
-2.625000,40
-2.623333,40
-2.621667,40
-2.620000,40
-2.618333,40
-2.616667,40
-2.615000,40
-2.613333,40
-2.611667,39
-2.610000,39
-2.608333,39
-2.606667,39
-2.605000,39
-2.603333,39
-2.601667,39
-2.600000,39
-2.598333,39
-2.596667,39
-2.595000,39
-2.593333,38
-2.591667,38
-2.590000,38
-2.588333,38
-2.586667,38
-2.585000,38
-2.583333,38
-2.581667,38
-2.580000,38
-2.578333,38
-2.576667,38
-2.575000,38
-2.573333,37
-2.571667,37
-2.570000,37
-2.568333,37
-2.566667,37
-2.565000,37
-2.563333,37
-2.561666,37
-2.560000,37
-2.558333,37
-2.556667,36
-2.555000,36
-2.553333,36
-2.551666,36
-2.550000,36
-2.548333,36
-2.546667,36
-2.545000,36
-2.543333,36
-2.541667,36
-2.540000,36
-2.538333,36
-2.536667,36
-2.535000,36
-2.533333,36
-2.531667,35
-2.530000,35
-2.528333,35
-2.526667,35
-2.525000,35
-2.523333,35
-2.521667,35
-2.520000,35
-2.518333,35
-2.516667,35
-2.515000,35
-2.513333,35
-2.511667,35
-2.510000,35
-2.508333,35
-2.506667,34
-2.505000,34
-2.503333,34
-2.501667,34
-2.500000,34
-2.498333,34
-2.496667,34
-2.495000,34
-2.493333,34
-2.491667,34
-2.490000,34
-2.488333,34
-2.486667,34
-2.485000,34
-2.483333,34
-2.481667,34
-2.480000,34
-2.478333,34
-2.476667,33
-2.475000,33
-2.473333,33
-2.471667,33
-2.470000,33
-2.468333,33
-2.466667,33
-2.465000,33
-2.463333,33
-2.461667,33
-2.460000,33
-2.458333,33
-2.456667,32
-2.455000,32
-2.453333,32
-2.451667,32
-2.450000,32
-2.448333,32
-2.446667,32
-2.445000,32
-2.443333,32
-2.441667,32
-2.440000,32
-2.438333,32
-2.436666,32
-2.435000,32
-2.433333,32
-2.431667,32
-2.430000,32
-2.428333,32
-2.426666,32
-2.425000,32
-2.423333,32
-2.421667,32
-2.420000,32
-2.418333,32
-2.416667,32
-2.415000,32
-2.413333,32
-2.411667,32
-2.410000,32
-2.408333,32
-2.406667,32
-2.405000,32
-2.403333,32
-2.401667,32
-2.400000,32
-2.398333,32
-2.396667,32
-2.395000,32
-2.393333,32
-2.391667,32
-2.390000,32
-2.388333,32
-2.386667,32
-2.385000,32
-2.383333,32
-2.381667,32
-2.380000,32
-2.378333,32
-2.376667,32
-2.375000,32
-2.373333,32
-2.371667,32
-2.370000,32
-2.368333,32
-2.366667,32
-2.365000,32
-2.363333,32
-2.361667,32
-2.360000,32
-2.358333,32
-2.356667,32
-2.355000,32
-2.353333,32
-2.351667,32
-2.350000,32
-2.348333,32
-2.346667,32
-2.345000,32
-2.343333,32
-2.341667,32
-2.340000,32
-2.338333,32
-2.336667,32
-2.335000,32
-2.333333,32
-2.331667,32
-2.330000,32
-2.328333,32
-2.326667,32
-2.325000,32
-2.323333,32
-2.321667,32
-2.320000,32
-2.318333,32
-2.316667,32
-2.315000,32
-2.313333,32
-2.311666,32
-2.310000,32
-2.308333,32
-2.306667,32
-2.305000,32
-2.303333,32
-2.301666,32
-2.300000,32
-2.298333,32
-2.296667,32
-2.295000,32
-2.293333,32
-2.291667,32
-2.290000,32
-2.288333,32
-2.286667,32
-2.285000,32
-2.283333,32
-2.281667,32
-2.280000,32
-2.278333,32
-2.276667,32
-2.275000,32
-2.273333,32
-2.271667,32
-2.270000,32
-2.268333,31
-2.266667,31
-2.265000,31
-2.263333,31
-2.261667,31
-2.260000,31
-2.258333,31
-2.256667,31
-2.255000,31
-2.253333,31
-2.251667,31
-2.250000,31
-2.248333,31
-2.246667,31
-2.245000,31
-2.243333,31
-2.241667,31
-2.240000,31
-2.238333,31
-2.236667,31
-2.235000,31
-2.233333,31
-2.231667,31
-2.230000,31
-2.228333,31
-2.226667,31
-2.225000,31
-2.223333,31
-2.221667,31
-2.220000,31
-2.218333,31
-2.216667,31
-2.215000,31
-2.213333,31
-2.211667,31
-2.210000,31
-2.208333,31
-2.206667,31
-2.205000,31
-2.203333,31
-2.201667,31
-2.200000,31
-2.198333,31
-2.196667,31
-2.195000,31
-2.193333,31
-2.191667,31
-2.190000,31
-2.188333,31
-2.186666,31
-2.185000,31
-2.183333,31
-2.181667,31
-2.180000,32
-2.178333,32
-2.176666,32
-2.175000,32
-2.173333,32
-2.171667,32
-2.170000,32
-2.168333,32
-2.166667,32
-2.165000,32
-2.163333,32
-2.161667,32
-2.160000,32
-2.158333,32
-2.156667,32
-2.155000,32
-2.153333,32
-2.151667,32
-2.150000,32
-2.148333,32
-2.146667,32
-2.145000,32
-2.143333,32
-2.141667,32
-2.140000,32
-2.138333,32
-2.136667,32
-2.135000,32
-2.133333,32
-2.131667,32
-2.130000,32
-2.128333,32
-2.126667,32
-2.125000,32
-2.123333,32
-2.121667,32
-2.120000,32
-2.118333,32
-2.116667,32
-2.115000,32
-2.113333,32
-2.111667,32
-2.110000,32
-2.108333,32
-2.106667,32
-2.105000,32
-2.103333,32
-2.101667,32
-2.100000,32
-2.098333,32
-2.096667,32
-2.095000,32
-2.093333,32
-2.091667,32
-2.090000,32
-2.088333,32
-2.086667,32
-2.085000,32
-2.083333,32
-2.081667,32
-2.080000,32
-2.078333,32
-2.076667,32
-2.075000,32
-2.073333,32
-2.071666,32
-2.070000,32
-2.068333,32
-2.066667,32
-2.065000,32
-2.063333,32
-2.061666,32
-2.060000,32
-2.058333,32
-2.056667,32
-2.055000,32
-2.053333,32
-2.051666,32
-2.050000,32
-2.048333,32
-2.046667,32
-2.045000,32
-2.043333,32
-2.041667,32
-2.040000,32
-2.038333,32
-2.036667,32
-2.035000,32
-2.033333,32
-2.031667,32
-2.030000,32
-2.028333,32
-2.026667,32
-2.025000,32
-2.023333,32
-2.021667,32
-2.020000,32
-2.018333,32
-2.016667,32
-2.015000,32
-2.013333,32
-2.011667,32
-2.010000,32
-2.008333,32
-2.006667,32
-2.005000,32
-2.003333,32
-2.001667,32
-2.000000,32
-1.998333,32
-1.996667,32
-1.995000,32
-1.993333,32
-1.991667,32
-1.990000,33
-1.988333,33
-1.986667,33
-1.985000,33
-1.983333,33
-1.981667,33
-1.980000,33
-1.978333,33
-1.976667,33
-1.975000,33
-1.973333,33
-1.971667,33
-1.970000,33
-1.968333,33
-1.966667,33
-1.965000,33
-1.963333,34
-1.961667,34
-1.960000,34
-1.958333,34
-1.956667,34
-1.955000,34
-1.953333,34
-1.951667,34
-1.950000,34
-1.948333,34
-1.946666,34
-1.945000,34
-1.943333,34
-1.941667,34
-1.940000,34
-1.938333,34
-1.936666,34
-1.935000,34
-1.933333,34
-1.931667,34
-1.930000,35
-1.928333,35
-1.926666,35
-1.925000,35
-1.923333,35
-1.921667,35
-1.920000,35
-1.918333,35
-1.916667,35
-1.915000,35
-1.913333,35
-1.911667,35
-1.910000,35
-1.908333,35
-1.906667,36
-1.905000,36
-1.903333,36
-1.901667,36
-1.900000,36
-1.898333,36
-1.896667,36
-1.895000,36
-1.893333,36
-1.891667,36
-1.890000,36
-1.888333,36
-1.886667,36
-1.885000,37
-1.883333,37
-1.881667,37
-1.880000,37
-1.878333,37
-1.876667,37
-1.875000,37
-1.873333,37
-1.871667,38
-1.870000,38
-1.868333,38
-1.866667,38
-1.865000,38
-1.863333,38
-1.861667,38
-1.860000,38
-1.858333,38
-1.856667,39
-1.855000,39
-1.853333,39
-1.851667,39
-1.850000,39
-1.848333,39
-1.846667,39
-1.845000,40
-1.843333,40
-1.841667,40
-1.840000,40
-1.838333,40
-1.836667,40
-1.835000,40
-1.833333,40
-1.831667,41
-1.830000,41
-1.828333,41
-1.826667,41
-1.825000,41
-1.823333,41
-1.821666,41
-1.820000,42
-1.818333,42
-1.816667,42
-1.815000,42
-1.813333,42
-1.811666,43
-1.810000,43
-1.808333,43
-1.806667,43
-1.805000,43
-1.803333,43
-1.801666,44
-1.800000,44
-1.798333,44
-1.796667,44
-1.795000,44
-1.793333,45
-1.791667,45
-1.790000,45
-1.788333,45
-1.786667,45
-1.785000,45
-1.783333,46
-1.781667,46
-1.780000,47
-1.778333,47
-1.776667,47
-1.775000,47
-1.773333,47
-1.771667,47
-1.770000,47
-1.768333,48
-1.766667,48
-1.765000,48
-1.763333,48
-1.761667,48
-1.760000,49
-1.758333,49
-1.756667,49
-1.755000,50
-1.753333,50
-1.751667,50
-1.750000,50
-1.748333,50
-1.746667,50
-1.745000,51
-1.743333,52
-1.741667,52
-1.740000,52
-1.738333,52
-1.736667,52
-1.735000,53
-1.733333,53
-1.731667,53
-1.730000,53
-1.728333,53
-1.726667,54
-1.725000,54
-1.723333,54
-1.721667,55
-1.720000,56
-1.718333,56
-1.716667,56
-1.715000,56
-1.713333,56
-1.711667,56
-1.710000,56
-1.708333,57
-1.706666,58
-1.705000,58
-1.703333,58
-1.701667,58
-1.700000,59
-1.698333,59
-1.696666,59
-1.695000,60
-1.693333,60
-1.691667,61
-1.690000,61
-1.688333,61
-1.686666,61
-1.685000,62
-1.683333,62
-1.681667,62
-1.680000,63
-1.678333,63
-1.676666,64
-1.675000,64
-1.673333,64
-1.671667,65
-1.670000,65
-1.668333,65
-1.666667,66
-1.665000,66
-1.663333,66
-1.661667,67
-1.660000,68
-1.658333,68
-1.656667,68
-1.655000,69
-1.653333,69
-1.651667,69
-1.650000,70
-1.648333,71
-1.646667,71
-1.645000,72
-1.643333,72
-1.641667,73
-1.640000,73
-1.638333,74
-1.636667,74
-1.635000,74
-1.633333,75
-1.631667,76
-1.630000,76
-1.628333,77
-1.626667,77
-1.625000,77
-1.623333,78
-1.621667,79
-1.620000,79
-1.618333,80
-1.616667,80
-1.615000,81
-1.613333,81
-1.611667,82
-1.610000,83
-1.608333,83
-1.606667,83
-1.605000,84
-1.603333,85
-1.601667,85
-1.600000,86
-1.598333,86
-1.596667,87
-1.595000,88
-1.593333,89
-1.591667,89
-1.590000,90
-1.588333,91
-1.586667,92
-1.585000,92
-1.583333,93
-1.581666,93
-1.580000,94
-1.578333,95
-1.576667,96
-1.575000,96
-1.573333,97
-1.571666,98
-1.570000,99
-1.568333,99
-1.566667,100
-1.565000,101
-1.563333,102
-1.561666,103
-1.560000,103
-1.558333,104
-1.556667,105
-1.555000,107
-1.553333,108
-1.551666,108
-1.550000,110
-1.548333,111
-1.546667,112
-1.545000,112
-1.543333,113
-1.541667,114
-1.540000,115
-1.538333,116
-1.536667,117
-1.535000,118
-1.533333,119
-1.531667,121
-1.530000,122
-1.528333,123
-1.526667,124
-1.525000,125
-1.523333,127
-1.521667,128
-1.520000,129
-1.518333,131
-1.516667,132
-1.515000,133
-1.513333,134
-1.511667,136
-1.510000,137
-1.508333,139
-1.506667,140
-1.505000,142
-1.503333,143
-1.501667,145
-1.500000,146
-1.498333,148
-1.496667,149
-1.495000,151
-1.493333,153
-1.491667,155
-1.490000,156
-1.488333,158
-1.486667,160
-1.485000,161
-1.483333,163
-1.481667,165
-1.480000,167
-1.478333,169
-1.476667,170
-1.475000,172
-1.473333,174
-1.471667,176
-1.470000,178
-1.468333,180
-1.466667,182
-1.465000,184
-1.463333,186
-1.461667,188
-1.460000,190
-1.458333,194
-1.456666,194
-1.455000,196
-1.453333,199
-1.451667,201
-1.450000,203
-1.448333,205
-1.446666,208
-1.445000,210
-1.443333,212
-1.441667,215
-1.440000,218
-1.438333,220
-1.436666,222
-1.435000,225
-1.433333,227
-1.431667,230
-1.430000,232
-1.428333,235
-1.426666,237
-1.425000,240
-1.423333,243
-1.421667,246
-1.420000,251
-1.418333,251
-1.416667,254
-1.415000,257
-1.413333,259
-1.411667,265
-1.410000,268
-1.408333,271
-1.406667,271
-1.405000,274
-1.403333,277
-1.401667,280
-1.400000,284
-1.398333,287
-1.396667,290
-1.395000,293
-1.393333,296
-1.391667,299
-1.390000,302
-1.388333,309
-1.386667,312
-1.385000,312
-1.383333,319
-1.381667,319
-1.380000,323
-1.378333,326
-1.376667,329
-1.375000,337
-1.373333,337
-1.371667,344
-1.370000,347
-1.368333,347
-1.366667,351
-1.365000,355
-1.363333,358
-1.361667,362
-1.360000,366
-1.358333,369
-1.356667,374
-1.355000,377
-1.353333,381
-1.351667,385
-1.350000,389
-1.348333,393
-1.346667,397
-1.345000,401
-1.343333,404
-1.341666,409
-1.340000,413
-1.338333,416
-1.336667,421
-1.335000,425
-1.333333,429
-1.331666,433
-1.330000,441
-1.328333,441
-1.326667,450
-1.325000,450
-1.323333,454
-1.321666,463
-1.320000,463
-1.318333,467
-1.316667,471
-1.315000,475
-1.313333,479
-1.311666,489
-1.310000,489
-1.308333,493
-1.306667,497
-1.305000,506
-1.303333,511
-1.301666,511
-1.300000,520
-1.298333,524
-1.296667,528
-1.295000,528
-1.293333,533
-1.291667,542
-1.290000,542
-1.288333,547
-1.286667,552
-1.285000,561
-1.283333,565
-1.281667,565
-1.280000,570
-1.278333,575
-1.276667,579
-1.275000,584
-1.273333,593
-1.271667,598
-1.270000,598
-1.268333,603
-1.266667,608
-1.265000,613
-1.263333,617
-1.261667,622
-1.260000,627
-1.258333,631
-1.256667,636
-1.255000,641
-1.253333,650
-1.251667,650
-1.250000,656
-1.248333,661
-1.246667,666
-1.245000,670
-1.243333,675
-1.241667,680
-1.240000,685
-1.238333,690
-1.236667,695
-1.235000,700
-1.233333,705
-1.231667,709
-1.230000,714
-1.228333,719
-1.226667,725
-1.225000,729
-1.223333,734
-1.221667,744
-1.220000,744
-1.218333,754
-1.216666,759
-1.215000,759
-1.213333,764
-1.211667,769
-1.210000,774
-1.208333,779
-1.206666,784
-1.205000,789
-1.203333,794
-1.201667,799
-1.200000,804
-1.198333,809
-1.196666,814
-1.195000,824
-1.193333,824
-1.191667,828
-1.190000,839
-1.188333,839
-1.186666,844
-1.185000,849
-1.183333,854
-1.181667,859
-1.180000,863
-1.178333,869
-1.176666,873
-1.175000,879
-1.173333,883
-1.171667,889
-1.170000,898
-1.168333,898
-1.166667,903
-1.165000,913
-1.163333,913
-1.161667,918
-1.160000,923
-1.158333,928
-1.156667,938
-1.155000,938
-1.153333,943
-1.151667,948
-1.150000,953
-1.148333,957
-1.146667,963
-1.145000,968
-1.143333,973
-1.141667,977
-1.140000,982
-1.138333,987
-1.136667,997
-1.135000,997
-1.133333,1002
-1.131667,1007
-1.130000,1011
-1.128333,1020
-1.126667,1020
-1.125000,1026
-1.123333,1030
-1.121667,1036
-1.120000,1045
-1.118333,1045
-1.116667,1049
-1.115000,1055
-1.113333,1059
-1.111667,1064
-1.110000,1069
-1.108333,1073
-1.106667,1078
-1.105000,1082
-1.103333,1088
-1.101667,1092
-1.100000,1097
-1.098333,1101
-1.096667,1106
-1.095000,1111
-1.093333,1116
-1.091666,1120
-1.090000,1125
-1.088333,1130
-1.086667,1134
-1.085000,1139
-1.083333,1143
-1.081666,1148
-1.080000,1152
-1.078333,1157
-1.076667,1162
-1.075000,1166
-1.073333,1171
-1.071666,1175
-1.070000,1180
-1.068333,1184
-1.066667,1189
-1.065000,1198
-1.063333,1198
-1.061666,1202
-1.060000,1206
-1.058333,1211
-1.056667,1216
-1.055000,1220
-1.053333,1225
-1.051666,1229
-1.050000,1233
-1.048333,1238
-1.046667,1242
-1.045000,1246
-1.043333,1251
-1.041667,1255
-1.040000,1259
-1.038333,1263
-1.036667,1268
-1.035000,1272
-1.033333,1276
-1.031667,1280
-1.030000,1284
-1.028333,1289
-1.026667,1293
-1.025000,1297
-1.023333,1301
-1.021667,1305
-1.020000,1309
-1.018333,1313
-1.016667,1317
-1.015000,1322
-1.013333,1325
-1.011667,1330
-1.010000,1333
-1.008333,1338
-1.006667,1341
-1.005000,1345
-1.003333,1349
-1.001667,1353
-1.000000,1357
-0.998333,1361
-0.996666,1365
-0.995000,1369
-0.993333,1373
-0.991667,1376
-0.990000,1380
-0.988333,1384
-0.986667,1388
-0.985000,1392
-0.983333,1395
-0.981667,1399
-0.980000,1403
-0.978333,1406
-0.976666,1410
-0.975000,1414
-0.973333,1417
-0.971666,1421
-0.970000,1424
-0.968333,1428
-0.966667,1432
-0.965000,1435
-0.963333,1439
-0.961667,1443
-0.960000,1446
-0.958333,1450
-0.956666,1453
-0.955000,1457
-0.953333,1460
-0.951666,1463
-0.950000,1467
-0.948333,1470
-0.946667,1474
-0.945000,1477
-0.943333,1480
-0.941667,1484
-0.940000,1487
-0.938333,1490
-0.936666,1494
-0.935000,1497
-0.933333,1500
-0.931666,1504
-0.930000,1507
-0.928333,1510
-0.926667,1514
-0.925000,1517
-0.923333,1519
-0.921667,1523
-0.920000,1529
-0.918333,1529
-0.916667,1535
-0.915000,1535
-0.913333,1538
-0.911666,1541
-0.910000,1547
-0.908333,1547
-0.906667,1550
-0.905000,1557
-0.903333,1557
-0.901667,1559
-0.900000,1565
-0.898333,1565
-0.896667,1568
-0.895000,1571
-0.893333,1574
-0.891666,1580
-0.890000,1580
-0.888333,1582
-0.886667,1588
-0.885000,1591
-0.883333,1591
-0.881667,1593
-0.880000,1599
-0.878333,1599
-0.876667,1602
-0.875000,1604
-0.873333,1607
-0.871666,1610
-0.870000,1613
-0.868333,1615
-0.866667,1618
-0.865000,1620
-0.863333,1622
-0.861667,1625
-0.860000,1628
-0.858333,1630
-0.856667,1632
-0.855000,1635
-0.853333,1638
-0.851666,1640
-0.850000,1645
-0.848333,1645
-0.846666,1647
-0.845000,1650
-0.843333,1652
-0.841667,1654
-0.840000,1657
-0.838333,1659
-0.836667,1664
-0.835000,1664
-0.833333,1665
-0.831666,1668
-0.830000,1673
-0.828333,1673
-0.826666,1674
-0.825000,1679
-0.823333,1679
-0.821667,1681
-0.820000,1683
-0.818333,1685
-0.816667,1687
-0.815000,1689
-0.813333,1691
-0.811666,1693
-0.810000,1695
-0.808333,1697
-0.806666,1699
-0.805000,1703
-0.803333,1705
-0.801667,1705
-0.800000,1706
-0.798333,1708
-0.796667,1711
-0.795000,1712
-0.793333,1714
-0.791667,1716
-0.790000,1717
-0.788333,1719
-0.786666,1721
-0.785000,1723
-0.783333,1724
-0.781667,1726
-0.780000,1727
-0.778333,1729
-0.776667,1731
-0.775000,1733
-0.773333,1734
-0.771667,1736
-0.770000,1737
-0.768333,1739
-0.766666,1740
-0.765000,1743
-0.763333,1743
-0.761667,1745
-0.760000,1746
-0.758333,1748
-0.756667,1749
-0.755000,1751
-0.753333,1754
-0.751667,1754
-0.750000,1755
-0.748333,1756
-0.746666,1757
-0.745000,1759
-0.743333,1760
-0.741667,1761
-0.740000,1762
-0.738333,1764
-0.736667,1765
-0.735000,1766
-0.733333,1767
-0.731667,1768
-0.730000,1771
-0.728333,1771
-0.726666,1772
-0.725000,1773
-0.723333,1774
-0.721666,1775
-0.720000,1775
-0.718333,1778
-0.716667,1778
-0.715000,1778
-0.713333,1780
-0.711667,1781
-0.710000,1782
-0.708333,1783
-0.706666,1783
-0.705000,1784
-0.703333,1785
-0.701666,1786
-0.700000,1787
-0.698333,1787
-0.696667,1789
-0.695000,1790
-0.693333,1790
-0.691667,1790
-0.690000,1791
-0.688333,1792
-0.686666,1792
-0.685000,1793
-0.683333,1794
-0.681666,1795
-0.680000,1795
-0.678333,1796
-0.676667,1796
-0.675000,1797
-0.673333,1797
-0.671667,1797
-0.670000,1799
-0.668333,1799
-0.666667,1799
-0.665000,1799
-0.663333,1800
-0.661666,1800
-0.660000,1801
-0.658333,1801
-0.656667,1801
-0.655000,1802
-0.653333,1802
-0.651667,1802
-0.650000,1802
-0.648333,1803
-0.646667,1803
-0.645000,1803
-0.643333,1803
-0.641666,1803
-0.640000,1804
-0.638333,1804
-0.636667,1804
-0.635000,1804
-0.633333,1804
-0.631667,1804
-0.630000,1804
-0.628333,1804
-0.626667,1804
-0.625000,1804
-0.623333,1804
-0.621666,1804
-0.620000,1804
-0.618333,1804
-0.616667,1804
-0.615000,1804
-0.613333,1804
-0.611667,1804
-0.610000,1803
-0.608333,1803
-0.606667,1803
-0.605000,1803
-0.603333,1803
-0.601666,1802
-0.600000,1802
-0.598333,1802
-0.596666,1802
-0.595000,1802
-0.593333,1801
-0.591667,1801
-0.590000,1800
-0.588333,1800
-0.586667,1800
-0.585000,1800
-0.583333,1799
-0.581666,1799
-0.580000,1799
-0.578333,1798
-0.576666,1798
-0.575000,1797
-0.573333,1797
-0.571667,1797
-0.570000,1796
-0.568333,1796
-0.566667,1796
-0.565000,1795
-0.563333,1794
-0.561666,1794
-0.560000,1793
-0.558333,1793
-0.556666,1792
-0.555000,1792
-0.553333,1791
-0.551667,1790
-0.550000,1790
-0.548333,1789
-0.546667,1789
-0.545000,1789
-0.543333,1787
-0.541667,1787
-0.540000,1787
-0.538333,1786
-0.536666,1785
-0.535000,1784
-0.533333,1784
-0.531667,1783
-0.530000,1782
-0.528333,1781
-0.526667,1781
-0.525000,1780
-0.523333,1779
-0.521667,1778
-0.520000,1778
-0.518333,1777
-0.516666,1775
-0.515000,1775
-0.513333,1774
-0.511667,1773
-0.510000,1772
-0.508333,1771
-0.506667,1770
-0.505000,1769
-0.503333,1767
-0.501667,1767
-0.500000,1767
-0.498333,1766
-0.496666,1765
-0.495000,1763
-0.493333,1761
-0.491667,1760
-0.490000,1760
-0.488333,1758
-0.486667,1758
-0.485000,1757
-0.483333,1756
-0.481667,1754
-0.480000,1754
-0.478333,1753
-0.476666,1751
-0.475000,1749
-0.473333,1749
-0.471666,1746
-0.470000,1745
-0.468333,1744
-0.466667,1742
-0.465000,1741
-0.463333,1741
-0.461667,1738
-0.460000,1737
-0.458333,1736
-0.456666,1734
-0.455000,1733
-0.453333,1731
-0.451666,1730
-0.450000,1728
-0.448333,1727
-0.446667,1725
-0.445000,1724
-0.443333,1722
-0.441667,1720
-0.440000,1718
-0.438333,1716
-0.436666,1715
-0.435000,1713
-0.433333,1711
-0.431666,1709
-0.430000,1707
-0.428333,1705
-0.426667,1703
-0.425000,1702
-0.423333,1700
-0.421667,1698
-0.420000,1695
-0.418333,1694
-0.416667,1691
-0.415000,1689
-0.413333,1687
-0.411666,1684
-0.410000,1682
-0.408333,1680
-0.406667,1678
-0.405000,1676
-0.403333,1673
-0.401667,1670
-0.400000,1668
-0.398333,1665
-0.396667,1662
-0.395000,1660
-0.393333,1657
-0.391666,1654
-0.390000,1652
-0.388333,1649
-0.386667,1646
-0.385000,1643
-0.383333,1640
-0.381667,1637
-0.380000,1634
-0.378333,1631
-0.376667,1627
-0.375000,1624
-0.373333,1621
-0.371666,1617
-0.370000,1614
-0.368333,1610
-0.366666,1607
-0.365000,1603
-0.363333,1600
-0.361667,1596
-0.360000,1592
-0.358333,1588
-0.356667,1584
-0.355000,1580
-0.353333,1576
-0.351666,1572
-0.350000,1568
-0.348333,1563
-0.346666,1559
-0.345000,1554
-0.343333,1550
-0.341667,1546
-0.340000,1541
-0.338333,1536
-0.336667,1531
-0.335000,1526
-0.333333,1521
-0.331666,1516
-0.330000,1511
-0.328333,1505
-0.326666,1500
-0.325000,1495
-0.323333,1489
-0.321667,1484
-0.320000,1478
-0.318333,1473
-0.316667,1467
-0.315000,1462
-0.313333,1455
-0.311666,1450
-0.310000,1443
-0.308333,1437
-0.306666,1432
-0.305000,1425
-0.303333,1419
-0.301667,1413
-0.300000,1406
-0.298333,1400
-0.296667,1394
-0.295000,1387
-0.293333,1381
-0.291667,1374
-0.290000,1367
-0.288333,1361
-0.286666,1354
-0.285000,1347
-0.283333,1340
-0.281667,1333
-0.280000,1327
-0.278333,1319
-0.276667,1313
-0.275000,1306
-0.273333,1298
-0.271667,1292
-0.270000,1285
-0.268333,1277
-0.266666,1270
-0.265000,1263
-0.263333,1256
-0.261667,1249
-0.260000,1241
-0.258333,1234
-0.256667,1227
-0.255000,1219
-0.253333,1212
-0.251667,1205
-0.250000,1197
-0.248333,1190
-0.246666,1182
-0.245000,1175
-0.243333,1167
-0.241666,1160
-0.240000,1152
-0.238333,1144
-0.236667,1137
-0.235000,1130
-0.233333,1122
-0.231667,1114
-0.230000,1106
-0.228333,1099
-0.226666,1091
-0.225000,1083
-0.223333,1075
-0.221666,1068
-0.220000,1060
-0.218333,1052
-0.216667,1044
-0.215000,1037
-0.213333,1029
-0.211667,1021
-0.210000,1013
-0.208333,1006
-0.206666,998
-0.205000,989
-0.203333,982
-0.201666,974
-0.200000,966
-0.198333,958
-0.196667,950
-0.195000,942
-0.193333,934
-0.191667,926
-0.190000,918
-0.188333,911
-0.186666,902
-0.185000,895
-0.183333,887
-0.181666,879
-0.180000,871
-0.178333,863
-0.176667,855
-0.175000,847
-0.173333,839
-0.171667,831
-0.170000,823
-0.168333,815
-0.166667,807
-0.165000,799
-0.163333,791
-0.161666,783
-0.160000,776
-0.158333,767
-0.156667,760
-0.155000,752
-0.153333,744
-0.151667,736
-0.150000,728
-0.148333,720
-0.146667,712
-0.145000,704
-0.143333,696
-0.141666,688
-0.140000,680
-0.138333,672
-0.136667,664
-0.135000,656
-0.133333,648
-0.131667,641
-0.130000,633
-0.128333,625
-0.126667,617
-0.125000,609
-0.123333,601
-0.121666,593
-0.120000,586
-0.118333,578
-0.116666,570
-0.115000,562
-0.113333,554
-0.111667,547
-0.110000,539
-0.108333,531
-0.106667,523
-0.105000,515
-0.103333,507
-0.101666,500
-0.100000,491
-0.098333,484
-0.096666,476
-0.095000,469
-0.093333,461
-0.091667,453
-0.090000,445
-0.088333,437
-0.086667,430
-0.085000,422
-0.083333,414
-0.081666,406
-0.080000,398
-0.078333,391
-0.076666,383
-0.075000,375
-0.073333,368
-0.071667,360
-0.070000,353
-0.068333,344
-0.066667,337
-0.065000,329
-0.063333,322
-0.061666,314
-0.060000,307
-0.058333,299
-0.056666,291
-0.055000,284
-0.053333,277
-0.051667,269
-0.050000,262
-0.048333,254
-0.046667,246
-0.045000,239
-0.043333,232
-0.041667,224
-0.040000,217
-0.038333,209
-0.036666,202
-0.035000,194
-0.033333,187
-0.031667,180
-0.030000,173
-0.028333,165
-0.026667,158
-0.025000,151
-0.023333,143
-0.021667,136
-0.020000,129
-0.018333,121
-0.016666,114
-0.015000,107
-0.013333,100
-0.011667,93
-0.010000,86
-0.008333,79
-0.006667,72
-0.005000,64
-0.003333,57
-0.001667,50
0.000000,43
0.001667,36
0.003334,29
0.005000,22
0.006667,15
0.008334,8
0.010000,1
0.011667,-5
0.013333,-11
0.015000,-19
0.016667,-25
0.018333,-33
0.020000,-39
0.021667,-46
0.023334,-53
0.025000,-60
0.026667,-67
0.028334,-73
0.030000,-80
0.031667,-87
0.033333,-94
0.035000,-100
0.036667,-107
0.038333,-114
0.040000,-121
0.041667,-128
0.043334,-134
0.045000,-141
0.046667,-148
0.048334,-154
0.050000,-161
0.051667,-168
0.053333,-175
0.055000,-181
0.056667,-188
0.058333,-195
0.060000,-201
0.061667,-208
0.063334,-214
0.065000,-221
0.066667,-228
0.068334,-235
0.070000,-241
0.071667,-248
0.073333,-255
0.075000,-261
0.076667,-268
0.078333,-274
0.080000,-281
0.081667,-288
0.083333,-295
0.085000,-301
0.086667,-308
0.088334,-315
0.090000,-321
0.091667,-328
0.093333,-334
0.095000,-341
0.096667,-348
0.098333,-355
0.100000,-361
0.101667,-368
0.103333,-374
0.105000,-381
0.106667,-388
0.108334,-394
0.110000,-401
0.111667,-408
0.113333,-414
0.115000,-421
0.116667,-427
0.118333,-434
0.120000,-441
0.121667,-448
0.123333,-454
0.125000,-460
0.126667,-467
0.128334,-474
0.130000,-481
0.131667,-487
0.133334,-493
0.135000,-500
0.136667,-506
0.138333,-513
0.140000,-520
0.141667,-526
0.143333,-532
0.145000,-539
0.146667,-545
0.148334,-551
0.150000,-558
0.151667,-565
0.153334,-571
0.155000,-577
0.156667,-584
0.158333,-590
0.160000,-597
0.161667,-603
0.163333,-609
0.165000,-616
0.166667,-622
0.168334,-628
0.170000,-634
0.171667,-640
0.173334,-646
0.175000,-653
0.176667,-659
0.178333,-665
0.180000,-671
0.181667,-677
0.183333,-683
0.185000,-689
0.186667,-696
0.188334,-702
0.190000,-708
0.191667,-713
0.193334,-719
0.195000,-725
0.196667,-731
0.198333,-737
0.200000,-743
0.201667,-749
0.203333,-755
0.205000,-760
0.206667,-766
0.208333,-772
0.210000,-778
0.211667,-784
0.213334,-790
0.215000,-795
0.216667,-801
0.218333,-807
0.220000,-813
0.221667,-818
0.223333,-824
0.225000,-829
0.226667,-835
0.228333,-841
0.230000,-846
0.231667,-852
0.233334,-857
0.235000,-862
0.236667,-868
0.238333,-874
0.240000,-879
0.241667,-885
0.243333,-890
0.245000,-895
0.246667,-901
0.248333,-906
0.250000,-911
0.251667,-917
0.253334,-922
0.255000,-927
0.256667,-932
0.258334,-938
0.260000,-943
0.261667,-948
0.263333,-954
0.265000,-958
0.266667,-964
0.268333,-969
0.270000,-974
0.271667,-979
0.273334,-984
0.275000,-989
0.276667,-994
0.278334,-999
0.280000,-1004
0.281667,-1009
0.283333,-1015
0.285000,-1019
0.286667,-1024
0.288333,-1029
0.290000,-1034
0.291667,-1039
0.293334,-1044
0.295000,-1048
0.296667,-1054
0.298334,-1059
0.300000,-1063
0.301667,-1069
0.303333,-1073
0.305000,-1078
0.306667,-1083
0.308333,-1087
0.310000,-1092
0.311667,-1097
0.313334,-1102
0.315000,-1106
0.316667,-1111
0.318334,-1116
0.320000,-1121
0.321667,-1125
0.323333,-1130
0.325000,-1134
0.326667,-1139
0.328333,-1144
0.330000,-1149
0.331667,-1153
0.333333,-1158
0.335000,-1162
0.336667,-1167
0.338334,-1172
0.340000,-1176
0.341667,-1181
0.343333,-1185
0.345000,-1190
0.346667,-1194
0.348333,-1199
0.350000,-1203
0.351667,-1208
0.353333,-1212
0.355000,-1217
0.356667,-1221
0.358334,-1225
0.360000,-1230
0.361667,-1234
0.363333,-1239
0.365000,-1243
0.366667,-1248
0.368333,-1252
0.370000,-1256
0.371667,-1261
0.373333,-1265
0.375000,-1270
0.376667,-1274
0.378334,-1278
0.380000,-1283
0.381667,-1287
0.383334,-1291
0.385000,-1296
0.386667,-1300
0.388333,-1305
0.390000,-1309
0.391667,-1313
0.393333,-1317
0.395000,-1321
0.396667,-1326
0.398334,-1330
0.400000,-1334
0.401667,-1339
0.403334,-1343
0.405000,-1347
0.406667,-1351
0.408333,-1355
0.410000,-1360
0.411667,-1363
0.413333,-1368
0.415000,-1372
0.416667,-1376
0.418334,-1380
0.420000,-1384
0.421667,-1388
0.423334,-1393
0.425000,-1397
0.426667,-1401
0.428333,-1405
0.430000,-1409
0.431667,-1413
0.433333,-1417
0.435000,-1421
0.436667,-1425
0.438334,-1429
0.440000,-1434
0.441667,-1438
0.443334,-1442
0.445000,-1445
0.446667,-1450
0.448333,-1453
0.450000,-1458
0.451667,-1462
0.453333,-1465
0.455000,-1470
0.456667,-1474
0.458333,-1478
0.460000,-1482
0.461667,-1486
0.463334,-1490
0.465000,-1494
0.466667,-1498
0.468333,-1502
0.470000,-1506
0.471667,-1510
0.473333,-1514
0.475000,-1517
0.476667,-1522
0.478333,-1526
0.480000,-1529
0.481667,-1534
0.483334,-1537
0.485000,-1541
0.486667,-1545
0.488334,-1549
0.490000,-1553
0.491667,-1557
0.493333,-1561
0.495000,-1565
0.496667,-1569
0.498333,-1573
0.500000,-1577
0.501667,-1580
0.503334,-1585
0.505000,-1588
0.506667,-1592
0.508334,-1596
0.510000,-1600
0.511667,-1604
0.513333,-1608
0.515000,-1612
0.516667,-1615
0.518333,-1620
0.520000,-1623
0.521667,-1627
0.523334,-1631
0.525000,-1635
0.526667,-1639
0.528334,-1642
0.530000,-1646
0.531667,-1650
0.533333,-1653
0.535000,-1658
0.536667,-1661
0.538333,-1665
0.540000,-1669
0.541667,-1672
0.543334,-1676
0.545000,-1680
0.546667,-1683
0.548334,-1687
0.550000,-1691
0.551667,-1694
0.553333,-1698
0.555000,-1702
0.556667,-1705
0.558333,-1709
0.560000,-1713
0.561667,-1716
0.563334,-1720
0.565000,-1723
0.566667,-1727
0.568334,-1731
0.570000,-1734
0.571667,-1738
0.573333,-1741
0.575000,-1745
0.576667,-1748
0.578333,-1752
0.580000,-1756
0.581667,-1758
0.583333,-1762
0.585000,-1766
0.586667,-1769
0.588334,-1772
0.590000,-1776
0.591667,-1779
0.593333,-1783
0.595000,-1786
0.596667,-1789
0.598333,-1793
0.600000,-1796
0.601667,-1799
0.603333,-1802
0.605000,-1806
0.606667,-1809
0.608334,-1812
0.610000,-1815
0.611667,-1819
0.613334,-1822
0.615000,-1825
0.616667,-1828
0.618333,-1831
0.620000,-1834
0.621667,-1837
0.623333,-1840
0.625000,-1844
0.626667,-1847
0.628334,-1849
0.630000,-1852
0.631667,-1855
0.633334,-1858
0.635000,-1861
0.636667,-1864
0.638333,-1867
0.640000,-1870
0.641667,-1873
0.643333,-1876
0.645000,-1879
0.646667,-1882
0.648334,-1884
0.650000,-1887
0.651667,-1890
0.653334,-1892
0.655000,-1895
0.656667,-1898
0.658333,-1901
0.660000,-1903
0.661667,-1906
0.663333,-1909
0.665000,-1911
0.666667,-1913
0.668334,-1916
0.670000,-1918
0.671667,-1920
0.673334,-1923
0.675000,-1926
0.676667,-1927
0.678333,-1930
0.680000,-1932
0.681667,-1934
0.683333,-1936
0.685000,-1939
0.686667,-1941
0.688334,-1943
0.690000,-1945
0.691667,-1947
0.693334,-1949
0.695000,-1951
0.696667,-1953
0.698333,-1955
0.700000,-1956
0.701667,-1958
0.703333,-1960
0.705000,-1962
0.706667,-1963
0.708333,-1965
0.710000,-1966
0.711667,-1968
0.713334,-1969
0.715000,-1971
0.716667,-1972
0.718333,-1973
0.720000,-1975
0.721667,-1976
0.723333,-1977
0.725000,-1979
0.726667,-1980
0.728333,-1981
0.730000,-1982
0.731667,-1982
0.733334,-1983
0.735000,-1984
0.736667,-1985
0.738334,-1986
0.740000,-1987
0.741667,-1987
0.743333,-1988
0.745000,-1988
0.746667,-1989
0.748333,-1990
0.750000,-1990
0.751667,-1990
0.753334,-1991
0.755000,-1991
0.756667,-1991
0.758334,-1992
0.760000,-1992
0.761667,-1992
0.763333,-1992
0.765000,-1992
0.766667,-1992
0.768333,-1992
0.770000,-1992
0.771667,-1992
0.773334,-1991
0.775000,-1991
0.776667,-1991
0.778334,-1990
0.780000,-1990
0.781667,-1990
0.783333,-1989
0.785000,-1989
0.786667,-1988
0.788333,-1988
0.790000,-1987
0.791667,-1986
0.793334,-1986
0.795000,-1985
0.796667,-1984
0.798334,-1983
0.800000,-1982
0.801667,-1982
0.803333,-1981
0.805000,-1980
0.806667,-1979
0.808333,-1978
0.810000,-1977
0.811667,-1975
0.813334,-1974
0.815000,-1973
0.816667,-1972
0.818334,-1971
0.820000,-1969
0.821667,-1968
0.823333,-1966
0.825000,-1965
0.826667,-1964
0.828333,-1962
0.830000,-1960
0.831667,-1959
0.833333,-1957
0.835000,-1955
0.836667,-1954
0.838334,-1952
0.840000,-1950
0.841667,-1949
0.843333,-1946
0.845000,-1945
0.846667,-1942
0.848333,-1941
0.850000,-1939
0.851667,-1936
0.853333,-1934
0.855000,-1932
0.856667,-1930
0.858334,-1927
0.860000,-1925
0.861667,-1923
0.863334,-1920
0.865000,-1918
0.866667,-1915
0.868333,-1913
0.870000,-1910
0.871667,-1908
0.873333,-1905
0.875000,-1902
0.876667,-1900
0.878334,-1897
0.880000,-1893
0.881667,-1891
0.883334,-1888
0.885000,-1885
0.886667,-1882
0.888333,-1879
0.890000,-1875
0.891667,-1872
0.893333,-1869
0.895000,-1865
0.896667,-1861
0.898334,-1858
0.900000,-1855
0.901667,-1851
0.903334,-1847
0.905000,-1844
0.906667,-1840
0.908333,-1837
0.910000,-1832
0.911667,-1828
0.913333,-1825
0.915000,-1821
0.916667,-1817
0.918334,-1813
0.920000,-1809
0.921667,-1805
0.923334,-1800
0.925000,-1796
0.926667,-1792
0.928333,-1788
0.930000,-1783
0.931667,-1779
0.933333,-1774
0.935000,-1770
0.936667,-1766
0.938334,-1761
0.940000,-1756
0.941667,-1752
0.943334,-1747
0.945000,-1742
0.946667,-1737
0.948333,-1733
0.950000,-1728
0.951667,-1723
0.953333,-1718
0.955000,-1713
0.956667,-1708
0.958333,-1703
0.960000,-1698
0.961667,-1693
0.963334,-1688
0.965000,-1683
0.966667,-1677
0.968333,-1672
0.970000,-1667
0.971667,-1661
0.973333,-1656
0.975000,-1651
0.976667,-1645
0.978333,-1640
0.980000,-1635
0.981667,-1629
0.983334,-1624
0.985000,-1618
0.986667,-1613
0.988334,-1607
0.990000,-1602
0.991667,-1596
0.993333,-1591
0.995000,-1585
0.996667,-1579
0.998333,-1573
1.000000,-1567
1.001667,-1562
1.003334,-1556
1.005000,-1550
1.006667,-1545
1.008334,-1539
1.010000,-1533
1.011667,-1527
1.013333,-1521
1.015000,-1515
1.016667,-1509
1.018333,-1503
1.020000,-1497
1.021667,-1491
1.023334,-1485
1.025000,-1479
1.026667,-1473
1.028334,-1467
1.030000,-1461
1.031667,-1455
1.033333,-1449
1.035000,-1442
1.036667,-1436
1.038333,-1430
1.040000,-1424
1.041667,-1418
1.043334,-1411
1.045000,-1405
1.046667,-1399
1.048334,-1393
1.050000,-1387
1.051667,-1380
1.053333,-1374
1.055000,-1367
1.056667,-1361
1.058333,-1355
1.060000,-1348
1.061667,-1342
1.063334,-1336
1.065000,-1329
1.066667,-1323
1.068334,-1316
1.070000,-1310
1.071667,-1303
1.073333,-1297
1.075000,-1290
1.076667,-1284
1.078333,-1278
1.080000,-1271
1.081667,-1264
1.083333,-1258
1.085000,-1252
1.086667,-1245
1.088334,-1238
1.090000,-1232
1.091667,-1225
1.093333,-1219
1.095000,-1212
1.096667,-1205
1.098333,-1199
1.100000,-1192
1.101667,-1186
1.103333,-1180
1.105000,-1173
1.106667,-1166
1.108334,-1160
1.110000,-1153
1.111667,-1147
1.113334,-1140
1.115000,-1134
1.116667,-1127
1.118333,-1121
1.120000,-1114
1.121667,-1108
1.123333,-1102
1.125000,-1095
1.126667,-1089
1.128334,-1082
1.130000,-1075
1.131667,-1069
1.133334,-1063
1.135000,-1056
1.136667,-1050
1.138333,-1044
1.140000,-1037
1.141667,-1031
1.143333,-1024
1.145000,-1018
1.146667,-1012
1.148334,-1006
1.150000,-1000
1.151667,-994
1.153334,-987
1.155000,-981
1.156667,-975
1.158333,-968
1.160000,-962
1.161667,-956
1.163333,-950
1.165000,-944
1.166667,-938
1.168334,-932
1.170000,-926
1.171667,-920
1.173334,-914
1.175000,-908
1.176667,-902
1.178333,-896
1.180000,-890
1.181667,-885
1.183333,-879
1.185000,-873
1.186667,-867
1.188334,-861
1.190000,-855
1.191667,-850
1.193334,-844
1.195000,-838
1.196667,-832
1.198333,-827
1.200000,-821
1.201667,-816
1.203333,-810
1.205000,-804
1.206667,-799
1.208333,-793
1.210000,-788
1.211667,-782
1.213334,-776
1.215000,-771
1.216667,-766
1.218334,-760
1.220000,-754
1.221667,-749
1.223333,-744
1.225000,-739
1.226667,-733
1.228333,-727
1.230000,-723
1.231667,-717
1.233334,-712
1.235000,-707
1.236667,-701
1.238334,-696
1.240000,-691
1.241667,-686
1.243333,-680
1.245000,-675
1.246667,-670
1.248333,-665
1.250000,-660
1.251667,-655
1.253334,-649
1.255000,-645
1.256667,-640
1.258334,-635
1.260000,-630
1.261667,-624
1.263333,-620
1.265000,-615
1.266667,-610
1.268333,-605
1.270000,-600
1.271667,-595
1.273334,-591
1.275000,-586
1.276667,-581
1.278334,-576
1.280000,-571
1.281667,-567
1.283333,-562
1.285000,-557
1.286667,-553
1.288333,-549
1.290000,-544
1.291667,-540
1.293334,-535
1.295000,-530
1.296667,-526
1.298334,-522
1.300000,-518
1.301667,-513
1.303333,-508
1.305000,-505
1.306667,-500
1.308333,-496
1.310000,-492
1.311667,-488
1.313334,-484
1.315000,-479
1.316667,-476
1.318334,-471
1.320000,-468
1.321667,-464
1.323333,-460
1.325000,-455
1.326667,-452
1.328333,-448
1.330000,-444
1.331667,-440
1.333333,-436
1.335000,-433
1.336667,-429
1.338334,-425
1.340000,-422
1.341667,-418
1.343334,-415
1.345000,-411
1.346667,-408
1.348333,-404
1.350000,-400
1.351667,-397
1.353333,-393
1.355000,-390
1.356667,-387
1.358334,-383
1.360000,-380
1.361667,-377
1.363334,-373
1.365000,-370
1.366667,-367
1.368333,-364
1.370000,-361
1.371667,-358
1.373333,-355
1.375000,-352
1.376667,-349
1.378334,-346
1.380000,-343
1.381667,-340
1.383334,-337
1.385000,-334
1.386667,-331
1.388333,-328
1.390000,-325
1.391667,-323
1.393333,-320
1.395000,-317
1.396667,-315
1.398334,-312
1.400000,-309
1.401667,-307
1.403334,-304
1.405000,-302
1.406667,-299
1.408333,-297
1.410000,-294
1.411667,-292
1.413333,-289
1.415000,-287
1.416667,-285
1.418334,-283
1.420000,-280
1.421667,-278
1.423334,-276
1.425000,-274
1.426667,-271
1.428333,-270
1.430000,-268
1.431667,-265
1.433333,-264
1.435000,-261
1.436667,-260
1.438334,-258
1.440000,-256
1.441667,-254
1.443334,-252
1.445000,-250
1.446667,-248
1.448333,-247
1.450000,-245
1.451667,-244
1.453333,-242
1.455000,-240
1.456667,-238
1.458333,-237
1.460000,-235
1.461667,-233
1.463334,-232
1.465000,-231
1.466667,-229
1.468334,-228
1.470000,-227
1.471667,-225
1.473333,-224
1.475000,-222
1.476667,-221
1.478333,-220
1.480000,-219
1.481667,-217
1.483334,-216
1.485000,-215
1.486667,-214
1.488334,-212
1.490000,-211
1.491667,-211
1.493333,-209
1.495000,-208
1.496667,-207
1.498333,-206
1.500000,-205
1.501667,-204
1.503334,-203
1.505000,-202
1.506667,-201
1.508334,-200
1.510000,-200
1.511667,-198
1.513333,-198
1.515000,-197
1.516667,-196
1.518333,-195
1.520000,-195
1.521667,-194
1.523334,-193
1.525000,-192
1.526667,-192
1.528334,-191
1.530000,-190
1.531667,-190
1.533333,-189
1.535000,-188
1.536667,-187
1.538333,-187
1.540000,-186
1.541667,-186
1.543334,-185
1.545000,-184
1.546667,-184
1.548334,-184
1.550000,-183
1.551667,-182
1.553333,-182
1.555000,-181
1.556667,-181
1.558333,-181
1.560000,-180
1.561667,-180
1.563334,-179
1.565000,-179
1.566667,-178
1.568334,-178
1.570000,-178
1.571667,-177
1.573333,-177
1.575000,-176
1.576667,-176
1.578333,-175
1.580000,-175
1.581667,-175
1.583333,-175
1.585000,-174
1.586667,-174
1.588334,-174
1.590000,-173
1.591667,-173
1.593334,-173
1.595000,-173
1.596667,-172
1.598333,-172
1.600000,-172
1.601667,-172
1.603333,-171
1.605000,-171
1.606667,-171
1.608334,-171
1.610000,-170
1.611667,-170
1.613334,-170
1.615000,-170
1.616667,-170
1.618333,-170
1.620000,-169
1.621667,-169
1.623333,-169
1.625000,-169
1.626667,-169
1.628334,-169
1.630000,-169
1.631667,-168
1.633334,-168
1.635000,-168
1.636667,-168
1.638333,-168
1.640000,-168
1.641667,-168
1.643333,-168
1.645000,-168
1.646667,-168
1.648334,-168
1.650000,-167
1.651667,-167
1.653334,-167
1.655000,-167
1.656667,-167
1.658333,-167
1.660000,-167
1.661667,-167
1.663333,-167
1.665000,-167
1.666667,-167
1.668334,-167
1.670000,-167
1.671667,-167
1.673334,-167
1.675000,-167
1.676667,-167
1.678333,-167
1.680000,-167
1.681667,-167
1.683333,-167
1.685000,-167
1.686667,-167
1.688334,-167
1.690000,-167
1.691667,-167
1.693334,-167
1.695000,-167
1.696667,-167
1.698333,-167
1.700000,-168
1.701667,-168
1.703333,-168
1.705000,-168
1.706667,-168
1.708333,-168
1.710000,-168
1.711667,-168
1.713334,-168
1.715000,-168
1.716667,-169
1.718334,-169
1.720000,-169
1.721667,-169
1.723333,-169
1.725000,-169
1.726667,-169
1.728333,-169
1.730000,-170
1.731667,-170
1.733334,-170
1.735000,-170
1.736667,-170
1.738334,-170
1.740000,-171
1.741667,-171
1.743333,-171
1.745000,-171
1.746667,-171
1.748333,-172
1.750000,-172
1.751667,-172
1.753334,-172
1.755000,-172
1.756667,-173
1.758334,-173
1.760000,-173
1.761667,-173
1.763333,-173
1.765000,-173
1.766667,-173
1.768333,-174
1.770000,-174
1.771667,-174
1.773334,-174
1.775000,-174
1.776667,-175
1.778334,-175
1.780000,-175
1.781667,-175
1.783333,-175
1.785000,-175
1.786667,-175
1.788333,-175
1.790000,-175
1.791667,-175
1.793334,-175
1.795000,-176
1.796667,-176
1.798334,-176
1.800000,-176
1.801667,-176
1.803333,-176
1.805000,-176
1.806667,-176
1.808333,-176
1.810000,-176
1.811667,-176
1.813334,-176
1.815000,-176
1.816667,-176
1.818334,-176
1.820000,-176
1.821667,-176
1.823333,-176
1.825000,-176
1.826667,-176
1.828333,-176
1.830000,-176
1.831667,-175
1.833333,-175
1.835000,-175
1.836667,-175
1.838334,-175
1.840000,-175
1.841667,-175
1.843334,-175
1.845000,-175
1.846667,-174
1.848333,-174
1.850000,-174
1.851667,-173
1.853333,-173
1.855000,-173
1.856667,-173
1.858334,-173
1.860000,-172
1.861667,-172
1.863334,-172
1.865000,-171
1.866667,-171
1.868333,-171
1.870000,-170
1.871667,-170
1.873333,-170
1.875000,-169
1.876667,-169
1.878334,-168
1.880000,-168
1.881667,-168
1.883334,-167
1.885000,-167
1.886667,-166
1.888333,-166
1.890000,-165
1.891667,-165
1.893333,-164
1.895000,-163
1.896667,-163
1.898334,-162
1.900000,-162
1.901667,-161
1.903334,-160
1.905000,-160
1.906667,-159
1.908333,-159
1.910000,-158
1.911667,-157
1.913333,-157
1.915000,-156
1.916667,-155
1.918334,-154
1.920000,-153
1.921667,-152
1.923334,-151
1.925000,-151
1.926667,-150
1.928333,-149
1.930000,-148
1.931667,-147
1.933333,-146
1.935000,-145
1.936667,-144
1.938334,-143
1.940000,-142
1.941667,-141
1.943334,-140
1.945000,-139
1.946667,-138
1.948333,-137
1.950000,-136
1.951667,-134
1.953333,-133
1.955000,-132
1.956667,-131
1.958333,-130
1.960000,-128
1.961667,-127
1.963334,-126
1.965000,-125
1.966667,-123
1.968334,-122
1.970000,-121
1.971667,-119
1.973333,-118
1.975000,-117
1.976667,-115
1.978333,-114
1.980000,-112
1.981667,-111
1.983334,-109
1.985000,-108
1.986667,-106
1.988334,-105
1.990000,-103
1.991667,-102
1.993333,-100
1.995000,-99
1.996667,-97
1.998333,-96
2.000000,-94
2.001667,-92
2.003334,-91
2.005000,-89
2.006667,-88
2.008334,-86
2.010000,-84
2.011667,-82
2.013333,-81
2.015000,-79
2.016667,-77
2.018333,-76
2.020000,-73
2.021667,-72
2.023334,-70
2.025000,-68
2.026667,-66
2.028334,-64
2.030000,-63
2.031667,-61
2.033333,-59
2.035000,-57
2.036667,-55
2.038333,-53
2.040000,-52
2.041667,-49
2.043334,-47
2.045000,-46
2.046667,-43
2.048334,-42
2.050000,-39
2.051667,-38
2.053333,-36
2.055000,-34
2.056667,-31
2.058333,-30
2.060000,-27
2.061667,-25
2.063334,-23
2.065000,-22
2.066667,-19
2.068334,-17
2.070000,-15
2.071667,-13
2.073334,-11
2.075000,-9
2.076667,-6
2.078333,-5
2.080000,-3
2.081667,-1
2.083333,1
2.085000,3
2.086667,5
2.088334,7
2.090000,9
2.091667,11
2.093334,14
2.095000,15
2.096667,18
2.098333,20
2.100000,22
2.101667,24
2.103333,26
2.105000,28
2.106667,30
2.108334,32
2.110000,34
2.111667,36
2.113334,38
2.115000,40
2.116667,43
2.118333,44
2.120000,47
2.121667,48
2.123333,50
2.125000,53
2.126667,55
2.128334,56
2.130000,59
2.131667,61
2.133334,62
2.135000,64
2.136667,66
2.138333,68
2.140000,71
2.141667,72
2.143333,74
2.145000,76
2.146667,78
2.148334,80
2.150000,82
2.151667,83
2.153334,85
2.155000,87
2.156667,89
2.158333,91
2.160000,93
2.161667,94
2.163333,96
2.165000,98
2.166667,99
2.168334,101
2.170000,103
2.171667,104
2.173334,106
2.175000,108
2.176667,109
2.178333,111
2.180000,112
2.181667,114
2.183333,116
2.185000,117
2.186667,119
2.188334,120
2.190000,122
2.191667,123
2.193334,125
2.195000,126
2.196667,128
2.198334,129
2.200000,131
2.201667,132
2.203333,134
2.205000,134
2.206667,136
2.208333,137
2.210000,139
2.211667,140
2.213334,141
2.215000,143
2.216667,144
2.218334,145
2.220000,146
2.221667,148
2.223333,149
2.225000,150
2.226667,151
2.228333,152
2.230000,154
2.231667,155
2.233334,156
2.235000,157
2.236667,158
2.238334,159
2.240000,160
2.241667,161
2.243333,162
2.245000,163
2.246667,164
2.248333,165
2.250000,166
2.251667,167
2.253334,168
2.255000,169
2.256667,170
2.258334,171
2.260000,171
2.261667,172
2.263333,173
2.265000,174
2.266667,175
2.268333,175
2.270000,176
2.271667,177
2.273334,177
2.275000,178
2.276667,179
2.278334,179
2.280000,180
2.281667,181
2.283333,182
2.285000,182
2.286667,183
2.288333,183
2.290000,184
2.291667,185
2.293334,185
2.295000,185
2.296667,186
2.298334,186
2.300000,187
2.301667,187
2.303333,188
2.305000,188
2.306667,188
2.308333,189
2.310000,189
2.311667,190
2.313334,190
2.315000,190
2.316667,191
2.318334,191
2.320000,191
2.321667,191
2.323334,191
2.325000,192
2.326667,192
2.328333,192
2.330000,192
2.331667,192
2.333333,193
2.335000,193
2.336667,193
2.338334,193
2.340000,193
2.341667,193
2.343334,193
2.345000,193
2.346667,193
2.348333,193
2.350000,193
2.351667,193
2.353333,193
2.355000,193
2.356667,193
2.358334,193
2.360000,193
2.361667,193
2.363334,193
2.365000,192
2.366667,192
2.368333,192
2.370000,192
2.371667,192
2.373333,191
2.375000,191
2.376667,191
2.378334,191
2.380000,191
2.381667,191
2.383334,190
2.385000,190
2.386667,190
2.388333,189
2.390000,189
2.391667,189
2.393333,188
2.395000,188
2.396667,188
2.398334,188
2.400000,187
2.401667,187
2.403334,186
2.405000,186
2.406667,185
2.408333,185
2.410000,185
2.411667,184
2.413333,184
2.415000,183
2.416667,183
2.418334,182
2.420000,182
2.421667,182
2.423334,181
2.425000,181
2.426667,180
2.428333,180
2.430000,179
2.431667,179
2.433333,178
2.435000,178
2.436667,177
2.438334,176
2.440000,176
2.441667,176
2.443334,175
2.445000,174
2.446667,174
2.448334,173
2.450000,173
2.451667,172
2.453333,172
2.455000,171
2.456667,170
2.458333,170
2.460000,169
2.461667,169
2.463334,168
2.465000,167
2.466667,167
2.468334,166
2.470000,166
2.471667,165
2.473333,164
2.475000,163
2.476667,163
2.478333,162
2.480000,161
2.481667,161
2.483334,160
2.485000,159
2.486667,158
2.488334,158
2.490000,157
2.491667,156
2.493333,156
2.495000,155
2.496667,154
2.498333,153
2.500000,153
2.501667,152
2.503334,151
2.505000,150
2.506667,149
2.508334,149
2.510000,148
2.511667,147
2.513333,146
2.515000,146
2.516667,145
2.518333,144
2.520000,143
2.521667,142
2.523334,141
2.525000,140
2.526667,140
2.528334,139
2.530000,138
2.531667,137
2.533333,137
2.535000,135
2.536667,134
2.538333,134
2.540000,133
2.541667,132
2.543334,131
2.545000,130
2.546667,129
2.548334,129
2.550000,128
2.551667,127
2.553333,126
2.555000,125
2.556667,124
2.558333,123
2.560000,122
2.561667,122
2.563334,121
2.565000,120
2.566667,119
2.568334,118
2.570000,117
2.571667,116
2.573334,115
2.575000,114
2.576667,113
2.578333,112
2.580000,112
2.581667,111
2.583333,110
2.585000,109
2.586667,108
2.588334,107
2.590000,106
2.591667,105
2.593334,104
2.595000,104
2.596667,103
2.598333,102
2.600000,101
2.601667,100
2.603333,99
2.605000,98
2.606667,98
2.608334,97
2.610000,96
2.611667,95
2.613334,94
2.615000,93
2.616667,92
2.618333,91
2.620000,91
2.621667,90
2.623333,89
2.625000,88
2.626667,87
2.628334,86
2.630000,85
2.631667,85
2.633334,84
2.635000,83
2.636667,82
2.638333,81
2.640000,80
2.641667,80
2.643333,79
2.645000,78
2.646667,77
2.648334,76
2.650000,75
2.651667,74
2.653334,74
2.655000,73
2.656667,72
2.658333,71
2.660000,71
2.661667,69
2.663333,69
2.665000,68
2.666667,67
2.668334,66
2.670000,65
2.671667,65
2.673334,64
2.675000,63
2.676667,62
2.678333,62
2.680000,61
2.681667,60
2.683333,60
2.685000,59
2.686667,58
2.688334,58
2.690000,56
2.691667,56
2.693334,56
2.695000,55
2.696667,53
2.698334,53
2.700000,53
2.701667,52
2.703333,51
2.705000,50
2.706667,50
2.708333,49
2.710000,48
2.711667,48
2.713334,47
2.715000,47
2.716667,45
2.718334,45
2.720000,44
2.721667,44
2.723333,43
2.725000,43
2.726667,42
2.728333,41
2.730000,41
2.731667,40
2.733334,40
2.735000,39
2.736667,39
2.738334,38
2.740000,37
2.741667,37
2.743333,36
2.745000,36
2.746667,35
2.748333,35
2.750000,34
2.751667,34
2.753334,33
2.755000,32
2.756667,32
2.758334,32
2.760000,31
2.761667,31
2.763333,30
2.765000,29
2.766667,29
2.768333,29
2.770000,28
2.771667,28
2.773334,28
2.775000,27
2.776667,26
2.778334,26
2.780000,26
2.781667,25
2.783333,25
2.785000,24
2.786667,24
2.788333,24
2.790000,23
2.791667,23
2.793334,23
2.795000,23
2.796667,22
2.798334,22
2.800000,21
2.801667,20
2.803334,20
2.805000,20
2.806667,20
2.808333,20
2.810000,20
2.811667,19
2.813334,19
2.815000,18
2.816667,18
2.818334,18
2.820000,18
2.821667,17
2.823334,17
2.825000,17
2.826667,16
2.828333,16
2.830000,16
2.831667,15
2.833333,15
2.835000,15
2.836667,15
2.838334,15
2.840000,14
2.841667,14
2.843334,14
2.845000,14
2.846667,14
2.848333,14
2.850000,14
2.851667,13
2.853333,13
2.855000,12
2.856667,12
2.858334,12
2.860000,12
2.861667,12
2.863334,12
2.865000,12
2.866667,12
2.868333,12
2.870000,11
2.871667,11
2.873333,11
2.875000,11
2.876667,11
2.878334,11
2.880000,11
2.881667,11
2.883334,11
2.885000,10
2.886667,10
2.888333,10
2.890000,10
2.891667,10
2.893333,10
2.895000,10
2.896667,10
2.898334,10
2.900000,10
2.901667,10
2.903334,10
2.905000,10
2.906667,10
2.908333,10
2.910000,10
2.911667,10
2.913333,9
2.915000,9
2.916667,9
2.918334,9
2.920000,9
2.921667,9
2.923334,9
2.925000,9
2.926667,9
2.928334,9
2.930000,9
2.931667,9
2.933333,9
2.935000,9
2.936667,9
2.938334,9
2.940000,9
2.941667,9
2.943334,9
2.945000,9
2.946667,9
2.948334,9
2.950000,9
2.951667,9
2.953333,9
2.955000,9
2.956667,9
2.958333,9
2.960000,9
2.961667,9
2.963334,9
2.965000,9
2.966667,9
2.968334,9
2.970000,9
2.971667,9
2.973333,9
2.975000,9
2.976667,9
2.978333,9
2.980000,9
2.981667,9
2.983334,9
2.985000,9
2.986667,9
2.988334,9
2.990000,9
2.991667,9
2.993333,9
2.995000,9
2.996667,9
2.998333,9
3.000000,9
3.001667,9
3.003333,10
3.005000,10
3.006667,10
3.008333,10
3.010000,10
3.011667,10
3.013333,10
3.015000,10
3.016666,10
3.018333,10
3.020000,10
3.021667,10
3.023334,10
3.025001,10
3.026667,10
3.028334,10
3.030000,10
3.031667,10
3.033334,10
3.035000,10
3.036667,10
3.038334,10
3.040000,10
3.041667,10
3.043333,10
3.045000,10
3.046667,11
3.048333,11
3.050000,11
3.051667,11
3.053333,11
3.055000,11
3.056667,11
3.058333,11
3.060000,11
3.061666,11
3.063334,11
3.065001,11
3.066667,11
3.068334,11
3.070001,11
3.071667,11
3.073334,11
3.075000,12
3.076667,12
3.078334,12
3.080000,12
3.081667,12
3.083334,12
3.085000,12
3.086667,12
3.088333,12
3.090000,12
3.091667,12
3.093333,12
3.095000,12
3.096667,12
3.098333,12
3.100000,12
3.101666,12
3.103333,12
3.105000,12
3.106667,12
3.108334,12
3.110001,12
3.111667,12
3.113334,12
3.115000,12
3.116667,13
3.118334,13
3.120000,13
3.121667,13
3.123334,13
3.125000,13
3.126667,13
3.128333,13
3.130000,13
3.131667,13
3.133333,13
3.135000,13
3.136667,13
3.138333,14
3.140000,14
3.141666,14
3.143333,14
3.145000,14
3.146667,14
3.148334,14
3.150001,14
3.151667,14
3.153334,14
3.155000,14
3.156667,14
3.158334,14
3.160000,14
3.161667,14
3.163334,14
3.165000,14
3.166667,14
3.168334,14
3.170000,14
3.171667,14
3.173333,14
3.175000,14
3.176667,14
3.178333,14
3.180000,14
3.181667,14
3.183333,14
3.185000,14
3.186666,14
3.188334,14
3.190001,14
3.191667,14
3.193334,14
3.195001,14
3.196667,14
3.198334,14
3.200000,14
3.201667,14
3.203334,14
3.205000,14
3.206667,14
3.208334,14
3.210000,14
3.211667,14
3.213333,14
3.215000,14
3.216667,14
3.218333,14
3.220000,14
3.221667,15
3.223333,15
3.225000,15
3.226666,15
3.228333,15
3.230000,15
3.231667,15
3.233334,15
3.235001,15
3.236667,15
3.238334,15
3.240000,15
3.241667,15
3.243334,15
3.245000,15
3.246667,15
3.248334,15
3.250000,15
3.251667,15
3.253333,15
3.255000,15
3.256667,15
3.258333,15
3.260000,15
3.261667,15
3.263333,15
3.265000,15
3.266666,15
3.268333,15
3.270000,15
3.271667,15
3.273334,15
3.275001,15
3.276667,16
3.278334,16
3.280000,16
3.281667,16
3.283334,16
3.285000,16
3.286667,16
3.288334,16
3.290000,16
3.291667,16
3.293334,16
3.295000,16
3.296667,16
3.298333,16
3.300000,16
3.301667,16
3.303333,16
3.305000,16
3.306667,16
3.308333,16
3.310000,16
3.311666,16
3.313334,16
3.315001,16
3.316667,16
3.318334,16
3.320001,16
3.321667,16
3.323334,16
3.325000,16
3.326667,16
3.328334,16
3.330000,16
3.331667,16
3.333334,16
3.335000,16
3.336667,17
3.338333,17
3.340000,17
3.341667,17
3.343333,17
3.345000,17
3.346667,17
3.348333,17
3.350000,17
3.351666,17
3.353333,17
3.355000,17
3.356667,17
3.358334,17
3.360001,17
3.361667,17
3.363334,17
3.365000,17
3.366667,17
3.368334,17
3.370000,17
3.371667,17
3.373334,17
3.375000,17
3.376667,17
3.378333,17
3.380000,17
3.381667,17
3.383333,17
3.385000,17
3.386667,17
3.388333,17
3.390000,17
3.391666,17
3.393333,17
3.395000,17
3.396667,17
3.398334,17
3.400001,17
3.401667,17
3.403334,17
3.405000,18
3.406667,18
3.408334,18
3.410000,18
3.411667,18
3.413334,18
3.415000,18
3.416667,18
3.418334,18
3.420000,18
3.421667,18
3.423333,18
3.425000,18
3.426667,18
3.428333,18
3.430000,18
3.431667,18
3.433333,18
3.435000,18
3.436666,18
3.438334,18
3.440001,18
3.441667,18
3.443334,18
3.445001,18
3.446667,18
3.448334,18
3.450000,18
3.451667,18
3.453334,18
3.455000,18
3.456667,18
3.458334,18
3.460000,18
3.461667,18
3.463333,18
3.465000,18
3.466667,18
3.468333,18
3.470000,18
3.471667,18
3.473333,18
3.475000,18
3.476666,18
3.478333,18
3.480000,18
3.481667,18
3.483334,18
3.485001,18
3.486667,18
3.488334,18
3.490000,18
3.491667,18
3.493334,18
3.495000,18
3.496667,18
3.498334,19
3.500000,19
3.501667,19
3.503333,19
3.505000,19
3.506667,19
3.508333,19
3.510000,19
3.511667,19
3.513333,19
3.515000,19
3.516666,19
3.518333,19
3.520000,19
3.521667,19
3.523334,19
3.525001,19
3.526667,19
3.528334,19
3.530000,19
3.531667,19
3.533334,19
3.535000,19
3.536667,19
3.538334,19
3.540000,19
3.541667,19
3.543334,19
3.545000,19
3.546667,19
3.548333,19
3.550000,19
3.551667,19
3.553333,19
3.555000,19
3.556667,19
3.558333,19
3.560000,19
3.561666,19
3.563334,19
3.565001,19
3.566667,19
3.568334,19
3.570001,19
3.571667,19
3.573334,19
3.575000,19
3.576667,19
3.578334,19
3.580000,19
3.581667,19
3.583334,19
3.585000,19
3.586667,19
3.588333,19
3.590000,19
3.591667,19
3.593333,19
3.595000,19
3.596667,19
3.598333,19
3.600000,19
3.601666,19
3.603333,19
3.605000,19
3.606667,19
3.608334,19
3.610001,19
3.611667,19
3.613334,19
3.615000,19
3.616667,19
3.618334,19
3.620000,19
3.621667,19
3.623334,19
3.625000,19
3.626667,19
3.628333,19
3.630000,19
3.631667,19
3.633333,19
3.635000,19
3.636667,19
3.638333,19
3.640000,19
3.641666,19
3.643333,19
3.645000,19
3.646667,19
3.648334,19
3.650001,19
3.651667,19
3.653334,19
3.655000,19
3.656667,19
3.658334,19
3.660000,19
3.661667,19
3.663334,19
3.665000,19
3.666667,19
3.668334,19
3.670000,19
3.671667,19
3.673333,19
3.675000,19
3.676667,19
3.678333,19
3.680000,19
3.681667,19
3.683333,19
3.685000,19
3.686666,18
3.688334,18
3.690001,18
3.691667,18
3.693334,18
3.695001,18
3.696667,18
3.698334,18
3.700000,18
3.701667,18
3.703334,18
3.705000,18
3.706667,18
3.708334,18
3.710000,18
3.711667,18
3.713333,18
3.715000,18
3.716667,18
3.718333,18
3.720000,18
3.721667,18
3.723333,18
3.725000,18
3.726666,18
3.728333,18
3.730000,18
3.731667,18
3.733334,18
3.735001,18
3.736667,18
3.738334,18
3.740000,18
3.741667,18
3.743334,18
3.745000,18
3.746667,18
3.748334,18
3.750000,18
3.751667,18
3.753333,18
3.755000,18
3.756667,18
3.758333,18
3.760000,18
3.761667,18
3.763333,18
3.765000,18
3.766666,18
3.768333,18
3.770000,18
3.771667,18
3.773334,18
3.775001,18
3.776667,18
3.778334,18
3.780001,18
3.781667,18
3.783334,18
3.785000,18
3.786667,18
3.788334,18
3.790000,18
3.791667,18
3.793334,18
3.795000,18
3.796667,18
3.798333,18
3.800000,18
3.801667,18
3.803333,18
3.805000,18
3.806667,18
3.808333,18
3.810000,18
3.811666,18
3.813334,18
3.815001,18
3.816667,18
3.818334,18
3.820001,18
3.821667,18
3.823334,18
3.825000,18
3.826667,18
3.828334,18
3.830000,18
3.831667,18
3.833334,18
3.835000,18
3.836667,18
3.838333,18
3.840000,18
3.841667,18
3.843333,18
3.845000,18
3.846667,18
3.848333,18
3.850000,17
3.851666,17
3.853333,17
3.855000,17
3.856667,17
3.858334,17
3.860001,17
3.861667,17
3.863334,17
3.865000,17
3.866667,17
3.868334,17
3.870000,17
3.871667,17
3.873334,17
3.875000,17
3.876667,17
3.878333,17
3.880000,17
3.881667,17
3.883333,17
3.885000,17
3.886667,17
3.888333,17
3.890000,17
3.891666,17
3.893333,17
3.895000,17
3.896667,17
3.898334,17
3.900001,17
3.901667,17
3.903334,17
3.905001,17
3.906667,17
3.908334,17
3.910000,17
3.911667,17
3.913334,16
3.915000,16
3.916667,16
3.918334,16
3.920000,16
3.921667,16
3.923333,16
3.925000,16
3.926667,16
3.928333,16
3.930000,16
3.931667,16
3.933333,16
3.935000,16
3.936666,16
3.938334,16
3.940001,16
3.941667,16
3.943334,16
3.945001,16
3.946667,16
3.948334,16
3.950000,16
3.951667,16
3.953334,16
3.955000,16
3.956667,16
3.958334,16
3.960000,16
3.961667,16
3.963333,16
3.965000,16
3.966667,16
3.968333,16
3.970000,16
3.971667,16
3.973333,16
3.975000,15
3.976666,15
3.978333,15
3.980000,15
3.981667,15
3.983334,15
3.985001,15
3.986667,15
3.988334,15
3.990000,15
3.991667,15
3.993334,15
3.995000,15
3.996667,15
3.998334,15
4.000000,15
4.001667,15
4.003333,15
4.005000,15
4.006667,15
4.008333,15
4.010000,15
4.011667,15
4.013333,15
4.015000,15
4.016666,15
4.018333,15
4.020000,15
4.021667,15
4.023334,15
4.025001,15
4.026667,15
4.028334,15
4.030001,15
4.031667,15
4.033334,15
4.035000,14
4.036667,14
4.038334,14
4.040000,14
4.041667,14
4.043334,14
4.045000,14
4.046667,14
4.048333,14
4.050000,14
4.051667,14
4.053333,14
4.055000,14
4.056667,14
4.058333,14
4.060000,14
4.061666,14
4.063334,14
4.065001,14
4.066667,14
4.068334,14
4.070001,14
4.071667,14
4.073334,14
4.075000,14
4.076667,14
4.078334,14
4.080000,14
4.081667,14
4.083334,14
4.085000,14
4.086667,14
4.088333,14
4.090000,14
4.091667,14
4.093333,14
4.095000,14
4.096667,14
4.098333,14
4.100000,14
4.101666,13
4.103333,13
4.105000,13
4.106667,13
4.108334,13
4.110001,13
4.111667,13
4.113334,13
4.115000,13
4.116667,13
4.118334,13
4.120000,13
4.121667,13
4.123334,13
4.125000,13
4.126667,12
4.128333,12
4.130000,12
4.131667,12
4.133333,12
4.135000,12
4.136667,12
4.138333,12
4.140000,12
4.141666,12
4.143333,12
4.145000,12
4.146667,12
4.148334,12
4.150001,12
4.151667,12
4.153334,12
4.155001,12
4.156667,12
4.158334,12
4.160000,12
4.161667,12
4.163334,12
4.165000,12
4.166667,12
4.168334,12
4.170000,12
4.171667,12
4.173333,12
4.175000,12
4.176667,12
4.178333,12
4.180000,12
4.181667,12
4.183333,11
4.185000,11
4.186666,11
4.188334,11
4.190001,11
4.191667,11
4.193334,11
4.195001,11
4.196667,11
4.198334,11
4.200000,11
4.201667,11
4.203334,11
4.205000,11
4.206667,11
4.208334,11
4.210000,11
4.211667,11
4.213333,11
4.215000,11
4.216667,11
4.218333,11
4.220000,11
4.221667,10
4.223333,10
4.225000,10
4.226666,10
4.228333,10
4.230000,10
4.231667,10
4.233334,10
4.235001,10
4.236667,10
4.238334,10
4.240000,10
4.241667,10
4.243334,10
4.245000,10
4.246667,10
4.248334,10
4.250000,10
4.251667,10
4.253333,10
4.255000,10
4.256667,10
4.258333,10
4.260000,10
4.261667,10
4.263333,10
4.265000,10
4.266667,10
4.268333,9
4.270000,9
4.271667,9
4.273334,9
4.275001,9
4.276667,9
4.278334,9
4.280001,9
4.281667,9
4.283334,9
4.285000,9
4.286667,9
4.288334,9
4.290000,9
4.291667,9
4.293334,9
4.295000,9
4.296667,9
4.298333,9
4.300000,9
4.301667,9
4.303333,8
4.305000,8
4.306667,8
4.308333,8
4.310000,8
4.311666,8
4.313334,8
4.315001,8
4.316667,8
4.318334,8
4.320001,8
4.321667,8
4.323334,8
4.325000,8
4.326667,8
4.328334,8
4.330000,8
4.331667,8
4.333334,8
4.335000,7
4.336667,7
4.338333,7
4.340000,7
4.341667,7
4.343333,7
4.345000,7
4.346667,7
4.348333,7
4.350000,7
4.351666,7
4.353333,7
4.355000,7
4.356667,7
4.358334,7
4.360001,7
4.361667,7
4.363334,7
4.365000,7
4.366667,7
4.368334,7
4.370000,7
4.371667,7
4.373334,7
4.375000,7
4.376667,7
4.378333,7
4.380000,7
4.381667,7
4.383333,6
4.385000,6
4.386667,6
4.388333,6
4.390000,6
4.391667,6
4.393333,6
4.395000,6
4.396667,6
4.398334,6
4.400001,6
4.401667,6
4.403334,6
4.405001,6
4.406667,6
4.408334,5
4.410000,5
4.411667,5
4.413334,5
4.415000,5
4.416667,5
4.418334,5
4.420000,5
4.421667,5
4.423333,5
4.425000,5
4.426667,5
4.428333,5
4.430000,5
4.431667,5
4.433333,5
4.435000,5
4.436666,5
4.438334,5
4.440001,5
4.441667,5
4.443334,4
4.445001,4
4.446667,4
4.448334,4
4.450000,4
4.451667,4
4.453334,4
4.455000,4
4.456667,4
4.458334,4
4.460000,4
4.461667,4
4.463333,4
4.465000,4
4.466667,4
4.468333,4
4.470000,4
4.471667,3
4.473333,3
4.475000,3
4.476666,3
4.478333,3
4.480000,3
4.481667,3
4.483334,3
4.485001,3
4.486667,3
4.488334,3
4.490000,3
4.491667,2
4.493334,2
4.495000,2
4.496667,2
4.498334,2
4.500000,2
4.501667,2
4.503333,2
4.505000,2
4.506667,2
4.508333,2
4.510000,2
4.511667,2
4.513333,2
4.515000,2
4.516667,2
4.518333,2
4.520000,2
4.521667,2
4.523334,2
4.525001,1
4.526667,1
4.528334,1
4.530001,1
4.531667,1
4.533334,1
4.535000,1
4.536667,1
4.538334,1
4.540000,1
4.541667,1
4.543334,0
4.545000,0
4.546667,0
4.548333,0
4.550000,0
4.551667,0
4.553333,0
4.555000,0
4.556667,0
4.558333,0
4.560000,0
4.561666,0
4.563334,0
4.565001,0
4.566667,0
4.568334,0
4.570001,0
4.571667,0
4.573334,0
4.575000,0
4.576667,0
4.578334,0
4.580000,0
4.581667,0
4.583334,0
4.585000,-1
4.586667,-1
4.588333,-1
4.590000,-1
4.591667,-1
4.593333,-1
4.595000,-1
4.596667,-1
4.598333,-1
4.600000,-1
4.601666,-1
4.603333,-1
4.605000,-1
4.606667,-1
4.608334,-1
4.610001,-1
4.611667,-1
4.613334,-1
4.615000,-1
4.616667,-2
4.618334,-2
4.620000,-2
4.621667,-2
4.623334,-2
4.625000,-2
4.626667,-2
4.628333,-2
4.630000,-2
4.631667,-2
4.633333,-2
4.635000,-2
4.636667,-3
4.638333,-3
4.640000,-3
4.641667,-3
4.643333,-3
4.645000,-3
4.646667,-3
4.648334,-3
4.650001,-3
4.651667,-3
4.653334,-3
4.655001,-3
4.656667,-3
4.658334,-3
4.660000,-3
4.661667,-3
4.663334,-4
4.665000,-4
4.666667,-4
4.668334,-4
4.670000,-4
4.671667,-4
4.673333,-4
4.675000,-4
4.676667,-4
4.678333,-4
4.680000,-4
4.681667,-4
4.683333,-4
4.685000,-4
4.686666,-5
4.688334,-5
4.690001,-5
4.691667,-5
4.693334,-5
4.695001,-5
4.696667,-5
4.698334,-5
4.700000,-5
4.701667,-5
4.703334,-5
4.705000,-5
4.706667,-5
4.708334,-5
4.710000,-6
4.711667,-6
4.713333,-6
4.715000,-6
4.716667,-6
4.718333,-6
4.720000,-6
4.721667,-6
4.723333,-6
4.725000,-6
4.726666,-6
4.728333,-6
4.730000,-6
4.731667,-6
4.733334,-6
4.735001,-6
4.736667,-6
4.738334,-6
4.740000,-6
4.741667,-6
4.743334,-6
4.745000,-6
4.746667,-6
4.748334,-6
4.750000,-6
4.751667,-7
4.753334,-7
4.755000,-7
4.756667,-7
4.758333,-7
4.760000,-7
4.761667,-7
4.763333,-7
4.765000,-7
4.766667,-7
4.768333,-7
4.770000,-7
4.771667,-7
4.773334,-7
4.775001,-7
4.776667,-7
4.778334,-7
4.780001,-7
4.781667,-7
4.783334,-7
4.785000,-8
4.786667,-8
4.788334,-8
4.790000,-8
4.791667,-8
4.793334,-8
4.795000,-8
4.796667,-8
4.798333,-8
4.800000,-8
4.801667,-8
4.803333,-8
4.805000,-8
4.806667,-8
4.808333,-8
4.810000,-8
4.811666,-8
4.813334,-8
4.815001,-8
4.816667,-8
4.818334,-8
4.820001,-8
4.821667,-8
4.823334,-8
4.825000,-8
4.826667,-8
4.828334,-8
4.830000,-9
4.831667,-9
4.833334,-9
4.835000,-9
4.836667,-9
4.838333,-9
4.840000,-9
4.841667,-9
4.843333,-9
4.845000,-9
4.846667,-9
4.848333,-9
4.850000,-9
4.851666,-9
4.853333,-9
4.855000,-9
4.856667,-9
4.858334,-9
4.860001,-9
4.861667,-9
4.863334,-9
4.865000,-9
4.866667,-9
4.868334,-9
4.870000,-9
4.871667,-9
4.873334,-9
4.875000,-9
4.876667,-9
4.878334,-9
4.880000,-9
4.881667,-9
4.883333,-9
4.885000,-9
4.886667,-9
4.888333,-9
4.890000,-9
4.891667,-9
4.893333,-9
4.895000,-9
4.896667,-9
4.898334,-9
4.900001,-9
4.901667,-9
4.903334,-9
4.905001,-9
4.906667,-9
4.908334,-9
4.910000,-9
4.911667,-9
4.913334,-9
4.915000,-9
4.916667,-9
4.918334,-9
4.920000,-9
4.921667,-10
4.923333,-10
4.925000,-10
4.926667,-10
4.928333,-10
4.930000,-10
4.931667,-10
4.933333,-10
4.935000,-10
4.936666,-10
4.938334,-10
4.940001,-10
4.941667,-10
4.943334,-10
4.945001,-10
4.946667,-10
4.948334,-10
4.950000,-10
4.951667,-10
4.953334,-10
4.955000,-10
4.956667,-10
4.958334,-10
4.960000,-10
4.961667,-10
4.963333,-10
4.965000,-10
4.966667,-10
4.968333,-10
4.970000,-10
4.971667,-10
4.973333,-10
4.975000,-10
4.976666,-10
4.978333,-10
4.980000,-10
4.981667,-10
4.983334,-10
4.985001,-10
4.986667,-10
4.988334,-10
4.990000,-10
4.991667,-10
4.993334,-10
4.995000,-10
4.996667,-10
4.998334,-10
5.000000,-10
